–’√˚,≥£”√” º˛µÿ÷∑,±∏”√” º˛µÿ÷∑1,±∏”√” º˛µÿ÷∑2,≥£”√ ÷ª˙∫≈¬Î,±∏”√ ÷ª˙∫≈¬Î1,±∏”√ ÷ª˙∫≈¬Î2,πÃ∂®µÁª∞,…˙»’(XXXX-XX-XX),º“Õ•◊°÷∑,π´Àæ√˚≥∆,±∏◊¢,À˘ Ù∑÷◊È
≤‚ ‘123,2cevening@139.com,,,,,,,,,,,XX
≤‚ ‘123,2cevening@139.com,,,,,,,,,,,XX
≤‚ ‘,21cevening@139.com,,,,,,,,,,,≤‚ ‘
≤‚ ‘123,2cevening@139.com,,,,,,,,,,,≤‚ ‘
≤‚ ‘1234,2cevening@139.com,,,18162771234,,,,,,,,≤‚ ‘6
≤‚ ‘1234,2cevening@139.com,,,18162771234,,,,,,,,≤‚ ‘7
≤‚ ‘1235,2cevening@140.com,,,18162771235,,,,,,,,≤‚ ‘8
≤‚ ‘1236,2cevening@141.com,,,18162771236,,,,,,,,≤‚ ‘9
≤‚ ‘1237,2cevening@142.com,,,18162771237,,,,,,,,≤‚ ‘10
≤‚ ‘1238,2cevening@143.com,,,18162771238,,,,,,,,≤‚ ‘11
≤‚ ‘1239,2cevening@144.com,,,18162771239,,,,,,,,≤‚ ‘12
≤‚ ‘1240,2cevening@145.com,,,18162771240,,,,,,,,≤‚ ‘13
≤‚ ‘1241,2cevening@146.com,,,18162771241,,,,,,,,≤‚ ‘14
≤‚ ‘1242,2cevening@147.com,,,18162771242,,,,,,,,≤‚ ‘15
≤‚ ‘1243,2cevening@148.com,,,18162771243,,,,,,,,≤‚ ‘16
≤‚ ‘1244,2cevening@149.com,,,18162771244,,,,,,,,≤‚ ‘17
≤‚ ‘1245,2cevening@150.com,,,18162771245,,,,,,,,≤‚ ‘18
≤‚ ‘1246,2cevening@151.com,,,18162771246,,,,,,,,≤‚ ‘19
≤‚ ‘1247,2cevening@152.com,,,18162771247,,,,,,,,≤‚ ‘20
≤‚ ‘1248,2cevening@153.com,,,18162771248,,,,,,,,≤‚ ‘21
≤‚ ‘1249,2cevening@154.com,,,18162771249,,,,,,,,≤‚ ‘22
≤‚ ‘1250,2cevening@155.com,,,18162771250,,,,,,,,≤‚ ‘23
≤‚ ‘1251,2cevening@156.com,,,18162771251,,,,,,,,≤‚ ‘24
≤‚ ‘1252,2cevening@157.com,,,18162771252,,,,,,,,≤‚ ‘25
≤‚ ‘1253,2cevening@158.com,,,18162771253,,,,,,,,≤‚ ‘26
≤‚ ‘1254,2cevening@159.com,,,18162771254,,,,,,,,≤‚ ‘27
≤‚ ‘1255,2cevening@160.com,,,18162771255,,,,,,,,≤‚ ‘28
≤‚ ‘1256,2cevening@161.com,,,18162771256,,,,,,,,≤‚ ‘29
≤‚ ‘1257,2cevening@162.com,,,18162771257,,,,,,,,≤‚ ‘30
≤‚ ‘1258,2cevening@163.com,,,18162771258,,,,,,,,≤‚ ‘31
≤‚ ‘1259,2cevening@164.com,,,18162771259,,,,,,,,≤‚ ‘32
≤‚ ‘1260,2cevening@165.com,,,18162771260,,,,,,,,≤‚ ‘33
≤‚ ‘1261,2cevening@166.com,,,18162771261,,,,,,,,≤‚ ‘34
≤‚ ‘1262,2cevening@167.com,,,18162771262,,,,,,,,≤‚ ‘35
≤‚ ‘1263,2cevening@168.com,,,18162771263,,,,,,,,≤‚ ‘36
≤‚ ‘1264,2cevening@169.com,,,18162771264,,,,,,,,≤‚ ‘37
≤‚ ‘1265,2cevening@170.com,,,18162771265,,,,,,,,≤‚ ‘38
≤‚ ‘1266,2cevening@171.com,,,18162771266,,,,,,,,≤‚ ‘39
≤‚ ‘1267,2cevening@172.com,,,18162771267,,,,,,,,≤‚ ‘40
≤‚ ‘1268,2cevening@173.com,,,18162771268,,,,,,,,≤‚ ‘41
≤‚ ‘1269,2cevening@174.com,,,18162771269,,,,,,,,≤‚ ‘42
≤‚ ‘1270,2cevening@175.com,,,18162771270,,,,,,,,≤‚ ‘43
≤‚ ‘1271,2cevening@176.com,,,18162771271,,,,,,,,≤‚ ‘44
≤‚ ‘1272,2cevening@177.com,,,18162771272,,,,,,,,≤‚ ‘45
≤‚ ‘1273,2cevening@178.com,,,18162771273,,,,,,,,≤‚ ‘46
≤‚ ‘1274,2cevening@179.com,,,18162771274,,,,,,,,≤‚ ‘47
≤‚ ‘1275,2cevening@180.com,,,18162771275,,,,,,,,≤‚ ‘48
≤‚ ‘1276,2cevening@181.com,,,18162771276,,,,,,,,≤‚ ‘49
≤‚ ‘1277,2cevening@182.com,,,18162771277,,,,,,,,≤‚ ‘50
≤‚ ‘1278,2cevening@183.com,,,18162771278,,,,,,,,≤‚ ‘51
≤‚ ‘1279,2cevening@184.com,,,18162771279,,,,,,,,≤‚ ‘52
≤‚ ‘1280,2cevening@185.com,,,18162771280,,,,,,,,≤‚ ‘53
≤‚ ‘1281,2cevening@186.com,,,18162771281,,,,,,,,≤‚ ‘54
≤‚ ‘1282,2cevening@187.com,,,18162771282,,,,,,,,≤‚ ‘55
≤‚ ‘1283,2cevening@188.com,,,18162771283,,,,,,,,≤‚ ‘56
≤‚ ‘1284,2cevening@189.com,,,18162771284,,,,,,,,≤‚ ‘57
≤‚ ‘1285,2cevening@190.com,,,18162771285,,,,,,,,≤‚ ‘58
≤‚ ‘1286,2cevening@191.com,,,18162771286,,,,,,,,≤‚ ‘59
≤‚ ‘1287,2cevening@192.com,,,18162771287,,,,,,,,≤‚ ‘60
≤‚ ‘1288,2cevening@193.com,,,18162771288,,,,,,,,≤‚ ‘61
≤‚ ‘1289,2cevening@194.com,,,18162771289,,,,,,,,≤‚ ‘62
≤‚ ‘1290,2cevening@195.com,,,18162771290,,,,,,,,≤‚ ‘63
≤‚ ‘1291,2cevening@196.com,,,18162771291,,,,,,,,≤‚ ‘64
≤‚ ‘1292,2cevening@197.com,,,18162771292,,,,,,,,≤‚ ‘65
≤‚ ‘1293,2cevening@198.com,,,18162771293,,,,,,,,≤‚ ‘66
≤‚ ‘1294,2cevening@199.com,,,18162771294,,,,,,,,≤‚ ‘67
≤‚ ‘1295,2cevening@200.com,,,18162771295,,,,,,,,≤‚ ‘68
≤‚ ‘1296,2cevening@201.com,,,18162771296,,,,,,,,≤‚ ‘69
≤‚ ‘1297,2cevening@202.com,,,18162771297,,,,,,,,≤‚ ‘70
≤‚ ‘1298,2cevening@203.com,,,18162771298,,,,,,,,≤‚ ‘71
≤‚ ‘1299,2cevening@204.com,,,18162771299,,,,,,,,≤‚ ‘72
≤‚ ‘1300,2cevening@205.com,,,18162771300,,,,,,,,≤‚ ‘73
≤‚ ‘1301,2cevening@206.com,,,18162771301,,,,,,,,≤‚ ‘74
≤‚ ‘1302,2cevening@207.com,,,18162771302,,,,,,,,≤‚ ‘75
≤‚ ‘1303,2cevening@208.com,,,18162771303,,,,,,,,≤‚ ‘76
≤‚ ‘1304,2cevening@209.com,,,18162771304,,,,,,,,≤‚ ‘77
≤‚ ‘1305,2cevening@210.com,,,18162771305,,,,,,,,≤‚ ‘78
≤‚ ‘1306,2cevening@211.com,,,18162771306,,,,,,,,≤‚ ‘79
≤‚ ‘1307,2cevening@212.com,,,18162771307,,,,,,,,≤‚ ‘80
≤‚ ‘1308,2cevening@213.com,,,18162771308,,,,,,,,≤‚ ‘81
≤‚ ‘1309,2cevening@214.com,,,18162771309,,,,,,,,≤‚ ‘82
≤‚ ‘1310,2cevening@215.com,,,18162771310,,,,,,,,≤‚ ‘83
≤‚ ‘1311,2cevening@216.com,,,18162771311,,,,,,,,≤‚ ‘84
≤‚ ‘1312,2cevening@217.com,,,18162771312,,,,,,,,≤‚ ‘85
≤‚ ‘1313,2cevening@218.com,,,18162771313,,,,,,,,≤‚ ‘86
≤‚ ‘1314,2cevening@219.com,,,18162771314,,,,,,,,≤‚ ‘87
≤‚ ‘1315,2cevening@220.com,,,18162771315,,,,,,,,≤‚ ‘88
≤‚ ‘1316,2cevening@221.com,,,18162771316,,,,,,,,≤‚ ‘89
≤‚ ‘1317,2cevening@222.com,,,18162771317,,,,,,,,≤‚ ‘90
≤‚ ‘1318,2cevening@223.com,,,18162771318,,,,,,,,≤‚ ‘91
≤‚ ‘1319,2cevening@224.com,,,18162771319,,,,,,,,≤‚ ‘92
≤‚ ‘1320,2cevening@225.com,,,18162771320,,,,,,,,≤‚ ‘93
≤‚ ‘1321,2cevening@226.com,,,18162771321,,,,,,,,≤‚ ‘94
≤‚ ‘1322,2cevening@227.com,,,18162771322,,,,,,,,≤‚ ‘95
≤‚ ‘1323,2cevening@228.com,,,18162771323,,,,,,,,≤‚ ‘96
≤‚ ‘1324,2cevening@229.com,,,18162771324,,,,,,,,≤‚ ‘97
≤‚ ‘1325,2cevening@230.com,,,18162771325,,,,,,,,≤‚ ‘98
≤‚ ‘1326,2cevening@231.com,,,18162771326,,,,,,,,≤‚ ‘99
≤‚ ‘1327,2cevening@232.com,,,18162771327,,,,,,,,≤‚ ‘100
≤‚ ‘1328,2cevening@233.com,,,18162771328,,,,,,,,≤‚ ‘101
≤‚ ‘1329,2cevening@234.com,,,18162771329,,,,,,,,≤‚ ‘102
≤‚ ‘1330,2cevening@235.com,,,18162771330,,,,,,,,≤‚ ‘103
≤‚ ‘1331,2cevening@236.com,,,18162771331,,,,,,,,≤‚ ‘104
≤‚ ‘1332,2cevening@237.com,,,18162771332,,,,,,,,≤‚ ‘105
≤‚ ‘1333,2cevening@238.com,,,18162771333,,,,,,,,≤‚ ‘106
≤‚ ‘1334,2cevening@239.com,,,18162771334,,,,,,,,≤‚ ‘107
≤‚ ‘1335,2cevening@240.com,,,18162771335,,,,,,,,≤‚ ‘108
≤‚ ‘1336,2cevening@241.com,,,18162771336,,,,,,,,≤‚ ‘109
≤‚ ‘1337,2cevening@242.com,,,18162771337,,,,,,,,≤‚ ‘110
≤‚ ‘1338,2cevening@243.com,,,18162771338,,,,,,,,≤‚ ‘111
≤‚ ‘1339,2cevening@244.com,,,18162771339,,,,,,,,≤‚ ‘112
≤‚ ‘1340,2cevening@245.com,,,18162771340,,,,,,,,≤‚ ‘113
≤‚ ‘1341,2cevening@246.com,,,18162771341,,,,,,,,≤‚ ‘114
≤‚ ‘1342,2cevening@247.com,,,18162771342,,,,,,,,≤‚ ‘115
≤‚ ‘1343,2cevening@248.com,,,18162771343,,,,,,,,≤‚ ‘116
≤‚ ‘1344,2cevening@249.com,,,18162771344,,,,,,,,≤‚ ‘117
≤‚ ‘1345,2cevening@250.com,,,18162771345,,,,,,,,≤‚ ‘118
≤‚ ‘1346,2cevening@251.com,,,18162771346,,,,,,,,≤‚ ‘119
≤‚ ‘1347,2cevening@252.com,,,18162771347,,,,,,,,≤‚ ‘120
≤‚ ‘1348,2cevening@253.com,,,18162771348,,,,,,,,≤‚ ‘121
≤‚ ‘1349,2cevening@254.com,,,18162771349,,,,,,,,≤‚ ‘122
≤‚ ‘1350,2cevening@255.com,,,18162771350,,,,,,,,≤‚ ‘123
≤‚ ‘1351,2cevening@256.com,,,18162771351,,,,,,,,≤‚ ‘124
≤‚ ‘1352,2cevening@257.com,,,18162771352,,,,,,,,≤‚ ‘125
≤‚ ‘1353,2cevening@258.com,,,18162771353,,,,,,,,≤‚ ‘126
≤‚ ‘1354,2cevening@259.com,,,18162771354,,,,,,,,≤‚ ‘127
≤‚ ‘1355,2cevening@260.com,,,18162771355,,,,,,,,≤‚ ‘128
≤‚ ‘1356,2cevening@261.com,,,18162771356,,,,,,,,≤‚ ‘129
≤‚ ‘1357,2cevening@262.com,,,18162771357,,,,,,,,≤‚ ‘130
≤‚ ‘1358,2cevening@263.com,,,18162771358,,,,,,,,≤‚ ‘131
≤‚ ‘1359,2cevening@264.com,,,18162771359,,,,,,,,≤‚ ‘132
≤‚ ‘1360,2cevening@265.com,,,18162771360,,,,,,,,≤‚ ‘133
≤‚ ‘1361,2cevening@266.com,,,18162771361,,,,,,,,≤‚ ‘134
≤‚ ‘1362,2cevening@267.com,,,18162771362,,,,,,,,≤‚ ‘135
≤‚ ‘1363,2cevening@268.com,,,18162771363,,,,,,,,≤‚ ‘136
≤‚ ‘1364,2cevening@269.com,,,18162771364,,,,,,,,≤‚ ‘137
≤‚ ‘1365,2cevening@270.com,,,18162771365,,,,,,,,≤‚ ‘138
≤‚ ‘1366,2cevening@271.com,,,18162771366,,,,,,,,≤‚ ‘139
≤‚ ‘1367,2cevening@272.com,,,18162771367,,,,,,,,≤‚ ‘140
≤‚ ‘1368,2cevening@273.com,,,18162771368,,,,,,,,≤‚ ‘141
≤‚ ‘1369,2cevening@274.com,,,18162771369,,,,,,,,≤‚ ‘142
≤‚ ‘1370,2cevening@275.com,,,18162771370,,,,,,,,≤‚ ‘143
≤‚ ‘1371,2cevening@276.com,,,18162771371,,,,,,,,≤‚ ‘144
≤‚ ‘1372,2cevening@277.com,,,18162771372,,,,,,,,≤‚ ‘145
≤‚ ‘1373,2cevening@278.com,,,18162771373,,,,,,,,≤‚ ‘146
≤‚ ‘1374,2cevening@279.com,,,18162771374,,,,,,,,≤‚ ‘147
≤‚ ‘1375,2cevening@280.com,,,18162771375,,,,,,,,≤‚ ‘148
≤‚ ‘1376,2cevening@281.com,,,18162771376,,,,,,,,≤‚ ‘149
≤‚ ‘1377,2cevening@282.com,,,18162771377,,,,,,,,≤‚ ‘150
≤‚ ‘1378,2cevening@283.com,,,18162771378,,,,,,,,≤‚ ‘151
≤‚ ‘1379,2cevening@284.com,,,18162771379,,,,,,,,≤‚ ‘152
≤‚ ‘1380,2cevening@285.com,,,18162771380,,,,,,,,≤‚ ‘153
≤‚ ‘1381,2cevening@286.com,,,18162771381,,,,,,,,≤‚ ‘154
≤‚ ‘1382,2cevening@287.com,,,18162771382,,,,,,,,≤‚ ‘155
≤‚ ‘1383,2cevening@288.com,,,18162771383,,,,,,,,≤‚ ‘156
≤‚ ‘1384,2cevening@289.com,,,18162771384,,,,,,,,≤‚ ‘157
≤‚ ‘1385,2cevening@290.com,,,18162771385,,,,,,,,≤‚ ‘158
≤‚ ‘1386,2cevening@291.com,,,18162771386,,,,,,,,≤‚ ‘159
≤‚ ‘1387,2cevening@292.com,,,18162771387,,,,,,,,≤‚ ‘160
≤‚ ‘1388,2cevening@293.com,,,18162771388,,,,,,,,≤‚ ‘161
≤‚ ‘1389,2cevening@294.com,,,18162771389,,,,,,,,≤‚ ‘162
≤‚ ‘1390,2cevening@295.com,,,18162771390,,,,,,,,≤‚ ‘163
≤‚ ‘1391,2cevening@296.com,,,18162771391,,,,,,,,≤‚ ‘164
≤‚ ‘1392,2cevening@297.com,,,18162771392,,,,,,,,≤‚ ‘165
≤‚ ‘1393,2cevening@298.com,,,18162771393,,,,,,,,≤‚ ‘166
≤‚ ‘1394,2cevening@299.com,,,18162771394,,,,,,,,≤‚ ‘167
≤‚ ‘1395,2cevening@300.com,,,18162771395,,,,,,,,≤‚ ‘168
≤‚ ‘1396,2cevening@301.com,,,18162771396,,,,,,,,≤‚ ‘169
≤‚ ‘1397,2cevening@302.com,,,18162771397,,,,,,,,≤‚ ‘170
≤‚ ‘1398,2cevening@303.com,,,18162771398,,,,,,,,≤‚ ‘171
≤‚ ‘1399,2cevening@304.com,,,18162771399,,,,,,,,≤‚ ‘172
≤‚ ‘1400,2cevening@305.com,,,18162771400,,,,,,,,≤‚ ‘173
≤‚ ‘1401,2cevening@306.com,,,18162771401,,,,,,,,≤‚ ‘174
≤‚ ‘1402,2cevening@307.com,,,18162771402,,,,,,,,≤‚ ‘175
≤‚ ‘1403,2cevening@308.com,,,18162771403,,,,,,,,≤‚ ‘176
≤‚ ‘1404,2cevening@309.com,,,18162771404,,,,,,,,≤‚ ‘177
≤‚ ‘1405,2cevening@310.com,,,18162771405,,,,,,,,≤‚ ‘178
≤‚ ‘1406,2cevening@311.com,,,18162771406,,,,,,,,≤‚ ‘179
≤‚ ‘1407,2cevening@312.com,,,18162771407,,,,,,,,≤‚ ‘180
≤‚ ‘1408,2cevening@313.com,,,18162771408,,,,,,,,≤‚ ‘181
≤‚ ‘1409,2cevening@314.com,,,18162771409,,,,,,,,≤‚ ‘182
≤‚ ‘1410,2cevening@315.com,,,18162771410,,,,,,,,≤‚ ‘183
≤‚ ‘1411,2cevening@316.com,,,18162771411,,,,,,,,≤‚ ‘184
≤‚ ‘1412,2cevening@317.com,,,18162771412,,,,,,,,≤‚ ‘185
≤‚ ‘1413,2cevening@318.com,,,18162771413,,,,,,,,≤‚ ‘186
≤‚ ‘1414,2cevening@319.com,,,18162771414,,,,,,,,≤‚ ‘187
≤‚ ‘1415,2cevening@320.com,,,18162771415,,,,,,,,≤‚ ‘188
≤‚ ‘1416,2cevening@321.com,,,18162771416,,,,,,,,≤‚ ‘189
≤‚ ‘1417,2cevening@322.com,,,18162771417,,,,,,,,≤‚ ‘190
≤‚ ‘1418,2cevening@323.com,,,18162771418,,,,,,,,≤‚ ‘191
≤‚ ‘1419,2cevening@324.com,,,18162771419,,,,,,,,≤‚ ‘192
≤‚ ‘1420,2cevening@325.com,,,18162771420,,,,,,,,≤‚ ‘193
≤‚ ‘1421,2cevening@326.com,,,18162771421,,,,,,,,≤‚ ‘194
≤‚ ‘1422,2cevening@327.com,,,18162771422,,,,,,,,≤‚ ‘195
≤‚ ‘1423,2cevening@328.com,,,18162771423,,,,,,,,≤‚ ‘196
≤‚ ‘1424,2cevening@329.com,,,18162771424,,,,,,,,≤‚ ‘197
≤‚ ‘1425,2cevening@330.com,,,18162771425,,,,,,,,≤‚ ‘198
≤‚ ‘1426,2cevening@331.com,,,18162771426,,,,,,,,≤‚ ‘199
≤‚ ‘1427,2cevening@332.com,,,18162771427,,,,,,,,≤‚ ‘200
≤‚ ‘1428,2cevening@333.com,,,18162771428,,,,,,,,≤‚ ‘201
≤‚ ‘1429,2cevening@334.com,,,18162771429,,,,,,,,≤‚ ‘202
≤‚ ‘1430,2cevening@335.com,,,18162771430,,,,,,,,≤‚ ‘203
≤‚ ‘1431,2cevening@336.com,,,18162771431,,,,,,,,≤‚ ‘204
≤‚ ‘1432,2cevening@337.com,,,18162771432,,,,,,,,≤‚ ‘205
≤‚ ‘1433,2cevening@338.com,,,18162771433,,,,,,,,≤‚ ‘206
≤‚ ‘1434,2cevening@339.com,,,18162771434,,,,,,,,≤‚ ‘207
≤‚ ‘1435,2cevening@340.com,,,18162771435,,,,,,,,≤‚ ‘208
≤‚ ‘1436,2cevening@341.com,,,18162771436,,,,,,,,≤‚ ‘209
≤‚ ‘1437,2cevening@342.com,,,18162771437,,,,,,,,≤‚ ‘210
≤‚ ‘1438,2cevening@343.com,,,18162771438,,,,,,,,≤‚ ‘211
≤‚ ‘1439,2cevening@344.com,,,18162771439,,,,,,,,≤‚ ‘212
≤‚ ‘1440,2cevening@345.com,,,18162771440,,,,,,,,≤‚ ‘213
≤‚ ‘1441,2cevening@346.com,,,18162771441,,,,,,,,≤‚ ‘214
≤‚ ‘1442,2cevening@347.com,,,18162771442,,,,,,,,≤‚ ‘215
≤‚ ‘1443,2cevening@348.com,,,18162771443,,,,,,,,≤‚ ‘216
≤‚ ‘1444,2cevening@349.com,,,18162771444,,,,,,,,≤‚ ‘217
≤‚ ‘1445,2cevening@350.com,,,18162771445,,,,,,,,≤‚ ‘218
≤‚ ‘1446,2cevening@351.com,,,18162771446,,,,,,,,≤‚ ‘218
≤‚ ‘1447,2cevening@352.com,,,18162771447,,,,,,,,≤‚ ‘218
≤‚ ‘1448,2cevening@353.com,,,18162771448,,,,,,,,≤‚ ‘218
≤‚ ‘1449,2cevening@354.com,,,18162771449,,,,,,,,≤‚ ‘218
≤‚ ‘1450,2cevening@355.com,,,18162771450,,,,,,,,≤‚ ‘218
≤‚ ‘1451,2cevening@356.com,,,18162771451,,,,,,,,≤‚ ‘218
≤‚ ‘1452,2cevening@357.com,,,18162771452,,,,,,,,≤‚ ‘218
≤‚ ‘1453,2cevening@358.com,,,18162771453,,,,,,,,≤‚ ‘218
≤‚ ‘1454,2cevening@359.com,,,18162771454,,,,,,,,≤‚ ‘218
≤‚ ‘1455,2cevening@360.com,,,18162771455,,,,,,,,≤‚ ‘218
≤‚ ‘1456,2cevening@361.com,,,18162771456,,,,,,,,≤‚ ‘218
≤‚ ‘1457,2cevening@362.com,,,18162771457,,,,,,,,≤‚ ‘218
≤‚ ‘1458,2cevening@363.com,,,18162771458,,,,,,,,≤‚ ‘218
≤‚ ‘1459,2cevening@364.com,,,18162771459,,,,,,,,≤‚ ‘218
≤‚ ‘1460,2cevening@365.com,,,18162771460,,,,,,,,≤‚ ‘218
≤‚ ‘1461,2cevening@366.com,,,18162771461,,,,,,,,≤‚ ‘218
≤‚ ‘1462,2cevening@367.com,,,18162771462,,,,,,,,≤‚ ‘218
≤‚ ‘1463,2cevening@368.com,,,18162771463,,,,,,,,≤‚ ‘218
≤‚ ‘1464,2cevening@369.com,,,18162771464,,,,,,,,≤‚ ‘218
≤‚ ‘1465,2cevening@370.com,,,18162771465,,,,,,,,≤‚ ‘218
≤‚ ‘1466,2cevening@371.com,,,18162771466,,,,,,,,≤‚ ‘218
≤‚ ‘1467,2cevening@372.com,,,18162771467,,,,,,,,≤‚ ‘218
≤‚ ‘1468,2cevening@373.com,,,18162771468,,,,,,,,≤‚ ‘218
≤‚ ‘1469,2cevening@374.com,,,18162771469,,,,,,,,≤‚ ‘218
≤‚ ‘1470,2cevening@375.com,,,18162771470,,,,,,,,≤‚ ‘218
≤‚ ‘1471,2cevening@376.com,,,18162771471,,,,,,,,≤‚ ‘218
≤‚ ‘1472,2cevening@377.com,,,18162771472,,,,,,,,≤‚ ‘218
≤‚ ‘1473,2cevening@378.com,,,18162771473,,,,,,,,≤‚ ‘218
≤‚ ‘1474,2cevening@379.com,,,18162771474,,,,,,,,≤‚ ‘218
≤‚ ‘1475,2cevening@380.com,,,18162771475,,,,,,,,≤‚ ‘218
≤‚ ‘1476,2cevening@381.com,,,18162771476,,,,,,,,≤‚ ‘218
≤‚ ‘1477,2cevening@382.com,,,18162771477,,,,,,,,≤‚ ‘218
≤‚ ‘1478,2cevening@383.com,,,18162771478,,,,,,,,≤‚ ‘218
≤‚ ‘1479,2cevening@384.com,,,18162771479,,,,,,,,≤‚ ‘218
≤‚ ‘1480,2cevening@385.com,,,18162771480,,,,,,,,≤‚ ‘218
≤‚ ‘1481,2cevening@386.com,,,18162771481,,,,,,,,≤‚ ‘218
≤‚ ‘1482,2cevening@387.com,,,18162771482,,,,,,,,≤‚ ‘218
≤‚ ‘1483,2cevening@388.com,,,18162771483,,,,,,,,≤‚ ‘218
≤‚ ‘1484,2cevening@389.com,,,18162771484,,,,,,,,≤‚ ‘218
≤‚ ‘1485,2cevening@390.com,,,18162771485,,,,,,,,≤‚ ‘218
≤‚ ‘1486,2cevening@391.com,,,18162771486,,,,,,,,≤‚ ‘218
≤‚ ‘1487,2cevening@392.com,,,18162771487,,,,,,,,≤‚ ‘218
≤‚ ‘1488,2cevening@393.com,,,18162771488,,,,,,,,≤‚ ‘218
≤‚ ‘1489,2cevening@394.com,,,18162771489,,,,,,,,≤‚ ‘218
≤‚ ‘1490,2cevening@395.com,,,18162771490,,,,,,,,≤‚ ‘218
≤‚ ‘1491,2cevening@396.com,,,18162771491,,,,,,,,≤‚ ‘218
≤‚ ‘1492,2cevening@397.com,,,18162771492,,,,,,,,≤‚ ‘218
≤‚ ‘1493,2cevening@398.com,,,18162771493,,,,,,,,≤‚ ‘218
≤‚ ‘1494,2cevening@399.com,,,18162771494,,,,,,,,≤‚ ‘218
≤‚ ‘1495,2cevening@400.com,,,18162771495,,,,,,,,≤‚ ‘218
≤‚ ‘1496,2cevening@401.com,,,18162771496,,,,,,,,≤‚ ‘218
≤‚ ‘1497,2cevening@402.com,,,18162771497,,,,,,,,≤‚ ‘218
≤‚ ‘1498,2cevening@403.com,,,18162771498,,,,,,,,≤‚ ‘218
≤‚ ‘1499,2cevening@404.com,,,18162771499,,,,,,,,≤‚ ‘218
≤‚ ‘1500,2cevening@405.com,,,18162771500,,,,,,,,≤‚ ‘218
≤‚ ‘1501,2cevening@406.com,,,18162771501,,,,,,,,≤‚ ‘218
≤‚ ‘1502,2cevening@407.com,,,18162771502,,,,,,,,≤‚ ‘218
≤‚ ‘1503,2cevening@408.com,,,18162771503,,,,,,,,≤‚ ‘218
≤‚ ‘1504,2cevening@409.com,,,18162771504,,,,,,,,≤‚ ‘218
≤‚ ‘1505,2cevening@410.com,,,18162771505,,,,,,,,≤‚ ‘218
≤‚ ‘1506,2cevening@411.com,,,18162771506,,,,,,,,≤‚ ‘218
≤‚ ‘1507,2cevening@412.com,,,18162771507,,,,,,,,≤‚ ‘218
≤‚ ‘1508,2cevening@413.com,,,18162771508,,,,,,,,≤‚ ‘218
≤‚ ‘1509,2cevening@414.com,,,18162771509,,,,,,,,≤‚ ‘218
≤‚ ‘1510,2cevening@415.com,,,18162771510,,,,,,,,≤‚ ‘218
≤‚ ‘1511,2cevening@416.com,,,18162771511,,,,,,,,≤‚ ‘218
≤‚ ‘1512,2cevening@417.com,,,18162771512,,,,,,,,≤‚ ‘218
≤‚ ‘1513,2cevening@418.com,,,18162771513,,,,,,,,≤‚ ‘218
≤‚ ‘1514,2cevening@419.com,,,18162771514,,,,,,,,≤‚ ‘218
≤‚ ‘1515,2cevening@420.com,,,18162771515,,,,,,,,≤‚ ‘218
≤‚ ‘1516,2cevening@421.com,,,18162771516,,,,,,,,≤‚ ‘218
≤‚ ‘1517,2cevening@422.com,,,18162771517,,,,,,,,≤‚ ‘218
≤‚ ‘1518,2cevening@423.com,,,18162771518,,,,,,,,≤‚ ‘218
≤‚ ‘1519,2cevening@424.com,,,18162771519,,,,,,,,≤‚ ‘218
≤‚ ‘1520,2cevening@425.com,,,18162771520,,,,,,,,≤‚ ‘218
≤‚ ‘1521,2cevening@426.com,,,18162771521,,,,,,,,≤‚ ‘218
≤‚ ‘1522,2cevening@427.com,,,18162771522,,,,,,,,≤‚ ‘218
≤‚ ‘1523,2cevening@428.com,,,18162771523,,,,,,,,≤‚ ‘218
≤‚ ‘1524,2cevening@429.com,,,18162771524,,,,,,,,≤‚ ‘218
≤‚ ‘1525,2cevening@430.com,,,18162771525,,,,,,,,≤‚ ‘218
≤‚ ‘1526,2cevening@431.com,,,18162771526,,,,,,,,≤‚ ‘218
≤‚ ‘1527,2cevening@432.com,,,18162771527,,,,,,,,≤‚ ‘218
≤‚ ‘1528,2cevening@433.com,,,18162771528,,,,,,,,≤‚ ‘218
≤‚ ‘1529,2cevening@434.com,,,18162771529,,,,,,,,≤‚ ‘218
≤‚ ‘1530,2cevening@435.com,,,18162771530,,,,,,,,≤‚ ‘218
≤‚ ‘1531,2cevening@436.com,,,18162771531,,,,,,,,≤‚ ‘218
≤‚ ‘1532,2cevening@437.com,,,18162771532,,,,,,,,≤‚ ‘218
≤‚ ‘1533,2cevening@438.com,,,18162771533,,,,,,,,≤‚ ‘218
≤‚ ‘1534,2cevening@439.com,,,18162771534,,,,,,,,≤‚ ‘218
≤‚ ‘1535,2cevening@440.com,,,18162771535,,,,,,,,≤‚ ‘218
≤‚ ‘1536,2cevening@441.com,,,18162771536,,,,,,,,≤‚ ‘218
≤‚ ‘1537,2cevening@442.com,,,18162771537,,,,,,,,≤‚ ‘218
≤‚ ‘1538,2cevening@443.com,,,18162771538,,,,,,,,≤‚ ‘218
≤‚ ‘1539,2cevening@444.com,,,18162771539,,,,,,,,≤‚ ‘218
≤‚ ‘1540,2cevening@445.com,,,18162771540,,,,,,,,≤‚ ‘218
≤‚ ‘1541,2cevening@446.com,,,18162771541,,,,,,,,≤‚ ‘218
≤‚ ‘1542,2cevening@447.com,,,18162771542,,,,,,,,≤‚ ‘218
≤‚ ‘1543,2cevening@448.com,,,18162771543,,,,,,,,≤‚ ‘218
≤‚ ‘1544,2cevening@449.com,,,18162771544,,,,,,,,≤‚ ‘218
≤‚ ‘1545,2cevening@450.com,,,18162771545,,,,,,,,≤‚ ‘218
≤‚ ‘1546,2cevening@451.com,,,18162771546,,,,,,,,≤‚ ‘218
≤‚ ‘1547,2cevening@452.com,,,18162771547,,,,,,,,≤‚ ‘218
≤‚ ‘1548,2cevening@453.com,,,18162771548,,,,,,,,≤‚ ‘218
≤‚ ‘1549,2cevening@454.com,,,18162771549,,,,,,,,≤‚ ‘218
≤‚ ‘1550,2cevening@455.com,,,18162771550,,,,,,,,≤‚ ‘218
≤‚ ‘1551,2cevening@456.com,,,18162771551,,,,,,,,≤‚ ‘218
≤‚ ‘1552,2cevening@457.com,,,18162771552,,,,,,,,≤‚ ‘218
≤‚ ‘1553,2cevening@458.com,,,18162771553,,,,,,,,≤‚ ‘218
≤‚ ‘1554,2cevening@459.com,,,18162771554,,,,,,,,≤‚ ‘218
≤‚ ‘1555,2cevening@460.com,,,18162771555,,,,,,,,≤‚ ‘218
≤‚ ‘1556,2cevening@461.com,,,18162771556,,,,,,,,≤‚ ‘218
≤‚ ‘1557,2cevening@462.com,,,18162771557,,,,,,,,≤‚ ‘218
≤‚ ‘1558,2cevening@463.com,,,18162771558,,,,,,,,≤‚ ‘218
≤‚ ‘1559,2cevening@464.com,,,18162771559,,,,,,,,≤‚ ‘218
≤‚ ‘1560,2cevening@465.com,,,18162771560,,,,,,,,≤‚ ‘218
≤‚ ‘1561,2cevening@466.com,,,18162771561,,,,,,,,≤‚ ‘218
≤‚ ‘1562,2cevening@467.com,,,18162771562,,,,,,,,≤‚ ‘218
≤‚ ‘1563,2cevening@468.com,,,18162771563,,,,,,,,≤‚ ‘218
≤‚ ‘1564,2cevening@469.com,,,18162771564,,,,,,,,≤‚ ‘218
≤‚ ‘1565,2cevening@470.com,,,18162771565,,,,,,,,≤‚ ‘218
≤‚ ‘1566,2cevening@471.com,,,18162771566,,,,,,,,≤‚ ‘218
≤‚ ‘1567,2cevening@472.com,,,18162771567,,,,,,,,≤‚ ‘218
≤‚ ‘1568,2cevening@473.com,,,18162771568,,,,,,,,≤‚ ‘218
≤‚ ‘1569,2cevening@474.com,,,18162771569,,,,,,,,≤‚ ‘218
≤‚ ‘1570,2cevening@475.com,,,18162771570,,,,,,,,≤‚ ‘218
≤‚ ‘1571,2cevening@476.com,,,18162771571,,,,,,,,≤‚ ‘218
≤‚ ‘1572,2cevening@477.com,,,18162771572,,,,,,,,≤‚ ‘218
≤‚ ‘1573,2cevening@478.com,,,18162771573,,,,,,,,≤‚ ‘218
≤‚ ‘1574,2cevening@479.com,,,18162771574,,,,,,,,≤‚ ‘218
≤‚ ‘1575,2cevening@480.com,,,18162771575,,,,,,,,≤‚ ‘218
≤‚ ‘1576,2cevening@481.com,,,18162771576,,,,,,,,≤‚ ‘218
≤‚ ‘1577,2cevening@482.com,,,18162771577,,,,,,,,≤‚ ‘218
≤‚ ‘1578,2cevening@483.com,,,18162771578,,,,,,,,≤‚ ‘218
≤‚ ‘1579,2cevening@484.com,,,18162771579,,,,,,,,≤‚ ‘218
≤‚ ‘1580,2cevening@485.com,,,18162771580,,,,,,,,≤‚ ‘218
≤‚ ‘1581,2cevening@486.com,,,18162771581,,,,,,,,≤‚ ‘218
≤‚ ‘1582,2cevening@487.com,,,18162771582,,,,,,,,≤‚ ‘218
≤‚ ‘1583,2cevening@488.com,,,18162771583,,,,,,,,≤‚ ‘218
≤‚ ‘1584,2cevening@489.com,,,18162771584,,,,,,,,≤‚ ‘218
≤‚ ‘1585,2cevening@490.com,,,18162771585,,,,,,,,≤‚ ‘218
≤‚ ‘1586,2cevening@491.com,,,18162771586,,,,,,,,≤‚ ‘218
≤‚ ‘1587,2cevening@492.com,,,18162771587,,,,,,,,≤‚ ‘218
≤‚ ‘1588,2cevening@493.com,,,18162771588,,,,,,,,≤‚ ‘218
≤‚ ‘1589,2cevening@494.com,,,18162771589,,,,,,,,≤‚ ‘218
≤‚ ‘1590,2cevening@495.com,,,18162771590,,,,,,,,≤‚ ‘218
≤‚ ‘1591,2cevening@496.com,,,18162771591,,,,,,,,≤‚ ‘218
≤‚ ‘1592,2cevening@497.com,,,18162771592,,,,,,,,≤‚ ‘218
≤‚ ‘1593,2cevening@498.com,,,18162771593,,,,,,,,≤‚ ‘218
≤‚ ‘1594,2cevening@499.com,,,18162771594,,,,,,,,≤‚ ‘218
≤‚ ‘1595,2cevening@500.com,,,18162771595,,,,,,,,≤‚ ‘218
≤‚ ‘1596,2cevening@501.com,,,18162771596,,,,,,,,≤‚ ‘218
≤‚ ‘1597,2cevening@502.com,,,18162771597,,,,,,,,≤‚ ‘218
≤‚ ‘1598,2cevening@503.com,,,18162771598,,,,,,,,≤‚ ‘218
≤‚ ‘1599,2cevening@504.com,,,18162771599,,,,,,,,≤‚ ‘218
≤‚ ‘1600,2cevening@505.com,,,18162771600,,,,,,,,≤‚ ‘218
≤‚ ‘1601,2cevening@506.com,,,18162771601,,,,,,,,≤‚ ‘218
≤‚ ‘1602,2cevening@507.com,,,18162771602,,,,,,,,≤‚ ‘218
≤‚ ‘1603,2cevening@508.com,,,18162771603,,,,,,,,≤‚ ‘218
≤‚ ‘1604,2cevening@509.com,,,18162771604,,,,,,,,≤‚ ‘218
≤‚ ‘1605,2cevening@510.com,,,18162771605,,,,,,,,≤‚ ‘218
≤‚ ‘1606,2cevening@511.com,,,18162771606,,,,,,,,≤‚ ‘218
≤‚ ‘1607,2cevening@512.com,,,18162771607,,,,,,,,≤‚ ‘218
≤‚ ‘1608,2cevening@513.com,,,18162771608,,,,,,,,≤‚ ‘218
≤‚ ‘1609,2cevening@514.com,,,18162771609,,,,,,,,≤‚ ‘218
≤‚ ‘1610,2cevening@515.com,,,18162771610,,,,,,,,≤‚ ‘218
≤‚ ‘1611,2cevening@516.com,,,18162771611,,,,,,,,≤‚ ‘218
≤‚ ‘1612,2cevening@517.com,,,18162771612,,,,,,,,≤‚ ‘218
≤‚ ‘1613,2cevening@518.com,,,18162771613,,,,,,,,≤‚ ‘218
≤‚ ‘1614,2cevening@519.com,,,18162771614,,,,,,,,≤‚ ‘218
≤‚ ‘1615,2cevening@520.com,,,18162771615,,,,,,,,≤‚ ‘218
≤‚ ‘1616,2cevening@521.com,,,18162771616,,,,,,,,≤‚ ‘218
≤‚ ‘1617,2cevening@522.com,,,18162771617,,,,,,,,≤‚ ‘218
≤‚ ‘1618,2cevening@523.com,,,18162771618,,,,,,,,≤‚ ‘218
≤‚ ‘1619,2cevening@524.com,,,18162771619,,,,,,,,≤‚ ‘218
≤‚ ‘1620,2cevening@525.com,,,18162771620,,,,,,,,≤‚ ‘218
≤‚ ‘1621,2cevening@526.com,,,18162771621,,,,,,,,≤‚ ‘218
≤‚ ‘1622,2cevening@527.com,,,18162771622,,,,,,,,≤‚ ‘218
≤‚ ‘1623,2cevening@528.com,,,18162771623,,,,,,,,≤‚ ‘218
≤‚ ‘1624,2cevening@529.com,,,18162771624,,,,,,,,≤‚ ‘218
≤‚ ‘1625,2cevening@530.com,,,18162771625,,,,,,,,≤‚ ‘218
≤‚ ‘1626,2cevening@531.com,,,18162771626,,,,,,,,≤‚ ‘218
≤‚ ‘1627,2cevening@532.com,,,18162771627,,,,,,,,≤‚ ‘218
≤‚ ‘1628,2cevening@533.com,,,18162771628,,,,,,,,≤‚ ‘218
≤‚ ‘1629,2cevening@534.com,,,18162771629,,,,,,,,≤‚ ‘218
≤‚ ‘1630,2cevening@535.com,,,18162771630,,,,,,,,≤‚ ‘218
≤‚ ‘1631,2cevening@536.com,,,18162771631,,,,,,,,≤‚ ‘218
≤‚ ‘1632,2cevening@537.com,,,18162771632,,,,,,,,≤‚ ‘218
≤‚ ‘1633,2cevening@538.com,,,18162771633,,,,,,,,≤‚ ‘218
≤‚ ‘1634,2cevening@539.com,,,18162771634,,,,,,,,≤‚ ‘218
≤‚ ‘1635,2cevening@540.com,,,18162771635,,,,,,,,≤‚ ‘218
≤‚ ‘1636,2cevening@541.com,,,18162771636,,,,,,,,≤‚ ‘218
≤‚ ‘1637,2cevening@542.com,,,18162771637,,,,,,,,≤‚ ‘218
≤‚ ‘1638,2cevening@543.com,,,18162771638,,,,,,,,≤‚ ‘218
≤‚ ‘1639,2cevening@544.com,,,18162771639,,,,,,,,≤‚ ‘218
≤‚ ‘1640,2cevening@545.com,,,18162771640,,,,,,,,≤‚ ‘218
≤‚ ‘1641,2cevening@546.com,,,18162771641,,,,,,,,≤‚ ‘218
≤‚ ‘1642,2cevening@547.com,,,18162771642,,,,,,,,≤‚ ‘218
≤‚ ‘1643,2cevening@548.com,,,18162771643,,,,,,,,≤‚ ‘218
≤‚ ‘1644,2cevening@549.com,,,18162771644,,,,,,,,≤‚ ‘218
≤‚ ‘1645,2cevening@550.com,,,18162771645,,,,,,,,≤‚ ‘218
≤‚ ‘1646,2cevening@551.com,,,18162771646,,,,,,,,≤‚ ‘218
≤‚ ‘1647,2cevening@552.com,,,18162771647,,,,,,,,≤‚ ‘218
≤‚ ‘1648,2cevening@553.com,,,18162771648,,,,,,,,≤‚ ‘218
≤‚ ‘1649,2cevening@554.com,,,18162771649,,,,,,,,≤‚ ‘218
≤‚ ‘1650,2cevening@555.com,,,18162771650,,,,,,,,≤‚ ‘218
≤‚ ‘1651,2cevening@556.com,,,18162771651,,,,,,,,≤‚ ‘218
≤‚ ‘1652,2cevening@557.com,,,18162771652,,,,,,,,≤‚ ‘218
≤‚ ‘1653,2cevening@558.com,,,18162771653,,,,,,,,≤‚ ‘218
≤‚ ‘1654,2cevening@559.com,,,18162771654,,,,,,,,≤‚ ‘218
≤‚ ‘1655,2cevening@560.com,,,18162771655,,,,,,,,≤‚ ‘218
≤‚ ‘1656,2cevening@561.com,,,18162771656,,,,,,,,≤‚ ‘218
≤‚ ‘1657,2cevening@562.com,,,18162771657,,,,,,,,≤‚ ‘218
≤‚ ‘1658,2cevening@563.com,,,18162771658,,,,,,,,≤‚ ‘218
≤‚ ‘1659,2cevening@564.com,,,18162771659,,,,,,,,≤‚ ‘218
≤‚ ‘1660,2cevening@565.com,,,18162771660,,,,,,,,≤‚ ‘218
≤‚ ‘1661,2cevening@566.com,,,18162771661,,,,,,,,≤‚ ‘218
≤‚ ‘1662,2cevening@567.com,,,18162771662,,,,,,,,≤‚ ‘218
≤‚ ‘1663,2cevening@568.com,,,18162771663,,,,,,,,≤‚ ‘218
≤‚ ‘1664,2cevening@569.com,,,18162771664,,,,,,,,≤‚ ‘218
≤‚ ‘1665,2cevening@570.com,,,18162771665,,,,,,,,≤‚ ‘218
≤‚ ‘1666,2cevening@571.com,,,18162771666,,,,,,,,≤‚ ‘218
≤‚ ‘1667,2cevening@572.com,,,18162771667,,,,,,,,≤‚ ‘218
≤‚ ‘1668,2cevening@573.com,,,18162771668,,,,,,,,≤‚ ‘218
≤‚ ‘1669,2cevening@574.com,,,18162771669,,,,,,,,≤‚ ‘218
≤‚ ‘1670,2cevening@575.com,,,18162771670,,,,,,,,≤‚ ‘218
≤‚ ‘1671,2cevening@576.com,,,18162771671,,,,,,,,≤‚ ‘218
≤‚ ‘1672,2cevening@577.com,,,18162771672,,,,,,,,≤‚ ‘218
≤‚ ‘1673,2cevening@578.com,,,18162771673,,,,,,,,≤‚ ‘218
≤‚ ‘1674,2cevening@579.com,,,18162771674,,,,,,,,≤‚ ‘218
≤‚ ‘1675,2cevening@580.com,,,18162771675,,,,,,,,≤‚ ‘218
≤‚ ‘1676,2cevening@581.com,,,18162771676,,,,,,,,≤‚ ‘218
≤‚ ‘1677,2cevening@582.com,,,18162771677,,,,,,,,≤‚ ‘218
≤‚ ‘1678,2cevening@583.com,,,18162771678,,,,,,,,≤‚ ‘218
≤‚ ‘1679,2cevening@584.com,,,18162771679,,,,,,,,≤‚ ‘218
≤‚ ‘1680,2cevening@585.com,,,18162771680,,,,,,,,≤‚ ‘218
≤‚ ‘1681,2cevening@586.com,,,18162771681,,,,,,,,≤‚ ‘218
≤‚ ‘1682,2cevening@587.com,,,18162771682,,,,,,,,≤‚ ‘218
≤‚ ‘1683,2cevening@588.com,,,18162771683,,,,,,,,≤‚ ‘218
≤‚ ‘1684,2cevening@589.com,,,18162771684,,,,,,,,≤‚ ‘218
≤‚ ‘1685,2cevening@590.com,,,18162771685,,,,,,,,≤‚ ‘218
≤‚ ‘1686,2cevening@591.com,,,18162771686,,,,,,,,≤‚ ‘218
≤‚ ‘1687,2cevening@592.com,,,18162771687,,,,,,,,≤‚ ‘218
≤‚ ‘1688,2cevening@593.com,,,18162771688,,,,,,,,≤‚ ‘218
≤‚ ‘1689,2cevening@594.com,,,18162771689,,,,,,,,≤‚ ‘218
≤‚ ‘1690,2cevening@595.com,,,18162771690,,,,,,,,≤‚ ‘218
≤‚ ‘1691,2cevening@596.com,,,18162771691,,,,,,,,≤‚ ‘218
≤‚ ‘1692,2cevening@597.com,,,18162771692,,,,,,,,≤‚ ‘218
≤‚ ‘1693,2cevening@598.com,,,18162771693,,,,,,,,≤‚ ‘218
≤‚ ‘1694,2cevening@599.com,,,18162771694,,,,,,,,≤‚ ‘218
≤‚ ‘1695,2cevening@600.com,,,18162771695,,,,,,,,≤‚ ‘218
≤‚ ‘1696,2cevening@601.com,,,18162771696,,,,,,,,≤‚ ‘218
≤‚ ‘1697,2cevening@602.com,,,18162771697,,,,,,,,≤‚ ‘218
≤‚ ‘1698,2cevening@603.com,,,18162771698,,,,,,,,≤‚ ‘218
≤‚ ‘1699,2cevening@604.com,,,18162771699,,,,,,,,≤‚ ‘218
≤‚ ‘1700,2cevening@605.com,,,18162771700,,,,,,,,≤‚ ‘218
≤‚ ‘1701,2cevening@606.com,,,18162771701,,,,,,,,≤‚ ‘218
≤‚ ‘1702,2cevening@607.com,,,18162771702,,,,,,,,≤‚ ‘218
≤‚ ‘1703,2cevening@608.com,,,18162771703,,,,,,,,≤‚ ‘218
≤‚ ‘1704,2cevening@609.com,,,18162771704,,,,,,,,≤‚ ‘218
≤‚ ‘1705,2cevening@610.com,,,18162771705,,,,,,,,≤‚ ‘218
≤‚ ‘1706,2cevening@611.com,,,18162771706,,,,,,,,≤‚ ‘218
≤‚ ‘1707,2cevening@612.com,,,18162771707,,,,,,,,≤‚ ‘218
≤‚ ‘1708,2cevening@613.com,,,18162771708,,,,,,,,≤‚ ‘218
≤‚ ‘1709,2cevening@614.com,,,18162771709,,,,,,,,≤‚ ‘218
≤‚ ‘1710,2cevening@615.com,,,18162771710,,,,,,,,≤‚ ‘218
≤‚ ‘1711,2cevening@616.com,,,18162771711,,,,,,,,≤‚ ‘218
≤‚ ‘1712,2cevening@617.com,,,18162771712,,,,,,,,≤‚ ‘218
≤‚ ‘1713,2cevening@618.com,,,18162771713,,,,,,,,≤‚ ‘218
≤‚ ‘1714,2cevening@619.com,,,18162771714,,,,,,,,≤‚ ‘218
≤‚ ‘1715,2cevening@620.com,,,18162771715,,,,,,,,≤‚ ‘218
≤‚ ‘1716,2cevening@621.com,,,18162771716,,,,,,,,≤‚ ‘218
≤‚ ‘1717,2cevening@622.com,,,18162771717,,,,,,,,≤‚ ‘218
≤‚ ‘1718,2cevening@623.com,,,18162771718,,,,,,,,≤‚ ‘218
≤‚ ‘1719,2cevening@624.com,,,18162771719,,,,,,,,≤‚ ‘218
≤‚ ‘1720,2cevening@625.com,,,18162771720,,,,,,,,≤‚ ‘218
≤‚ ‘1721,2cevening@626.com,,,18162771721,,,,,,,,≤‚ ‘218
≤‚ ‘1722,2cevening@627.com,,,18162771722,,,,,,,,≤‚ ‘218
≤‚ ‘1723,2cevening@628.com,,,18162771723,,,,,,,,≤‚ ‘218
≤‚ ‘1724,2cevening@629.com,,,18162771724,,,,,,,,≤‚ ‘218
≤‚ ‘1725,2cevening@630.com,,,18162771725,,,,,,,,≤‚ ‘218
≤‚ ‘1726,2cevening@631.com,,,18162771726,,,,,,,,≤‚ ‘218
≤‚ ‘1727,2cevening@632.com,,,18162771727,,,,,,,,≤‚ ‘218
≤‚ ‘1728,2cevening@633.com,,,18162771728,,,,,,,,≤‚ ‘218
≤‚ ‘1729,2cevening@634.com,,,18162771729,,,,,,,,≤‚ ‘218
≤‚ ‘1730,2cevening@635.com,,,18162771730,,,,,,,,≤‚ ‘218
≤‚ ‘1731,2cevening@636.com,,,18162771731,,,,,,,,≤‚ ‘218
≤‚ ‘1732,2cevening@637.com,,,18162771732,,,,,,,,≤‚ ‘218
≤‚ ‘1733,2cevening@638.com,,,18162771733,,,,,,,,≤‚ ‘218
≤‚ ‘1734,2cevening@639.com,,,18162771734,,,,,,,,≤‚ ‘218
≤‚ ‘1735,2cevening@640.com,,,18162771735,,,,,,,,≤‚ ‘218
≤‚ ‘1736,2cevening@641.com,,,18162771736,,,,,,,,≤‚ ‘218
≤‚ ‘1737,2cevening@642.com,,,18162771737,,,,,,,,≤‚ ‘218
≤‚ ‘1738,2cevening@643.com,,,18162771738,,,,,,,,≤‚ ‘218
≤‚ ‘1739,2cevening@644.com,,,18162771739,,,,,,,,≤‚ ‘218
≤‚ ‘1740,2cevening@645.com,,,18162771740,,,,,,,,≤‚ ‘218
≤‚ ‘1741,2cevening@646.com,,,18162771741,,,,,,,,≤‚ ‘218
≤‚ ‘1742,2cevening@647.com,,,18162771742,,,,,,,,≤‚ ‘218
≤‚ ‘1743,2cevening@648.com,,,18162771743,,,,,,,,≤‚ ‘218
≤‚ ‘1744,2cevening@649.com,,,18162771744,,,,,,,,≤‚ ‘218
≤‚ ‘1745,2cevening@650.com,,,18162771745,,,,,,,,≤‚ ‘218
≤‚ ‘1746,2cevening@651.com,,,18162771746,,,,,,,,≤‚ ‘218
≤‚ ‘1747,2cevening@652.com,,,18162771747,,,,,,,,≤‚ ‘218
≤‚ ‘1748,2cevening@653.com,,,18162771748,,,,,,,,≤‚ ‘218
≤‚ ‘1749,2cevening@654.com,,,18162771749,,,,,,,,≤‚ ‘218
≤‚ ‘1750,2cevening@655.com,,,18162771750,,,,,,,,≤‚ ‘218
≤‚ ‘1751,2cevening@656.com,,,18162771751,,,,,,,,≤‚ ‘218
≤‚ ‘1752,2cevening@657.com,,,18162771752,,,,,,,,≤‚ ‘218
≤‚ ‘1753,2cevening@658.com,,,18162771753,,,,,,,,≤‚ ‘218
≤‚ ‘1754,2cevening@659.com,,,18162771754,,,,,,,,≤‚ ‘218
≤‚ ‘1755,2cevening@660.com,,,18162771755,,,,,,,,≤‚ ‘218
≤‚ ‘1756,2cevening@661.com,,,18162771756,,,,,,,,≤‚ ‘218
≤‚ ‘1757,2cevening@662.com,,,18162771757,,,,,,,,≤‚ ‘218
≤‚ ‘1758,2cevening@663.com,,,18162771758,,,,,,,,≤‚ ‘218
≤‚ ‘1759,2cevening@664.com,,,18162771759,,,,,,,,≤‚ ‘218
≤‚ ‘1760,2cevening@665.com,,,18162771760,,,,,,,,≤‚ ‘218
≤‚ ‘1761,2cevening@666.com,,,18162771761,,,,,,,,≤‚ ‘218
≤‚ ‘1762,2cevening@667.com,,,18162771762,,,,,,,,≤‚ ‘218
≤‚ ‘1763,2cevening@668.com,,,18162771763,,,,,,,,≤‚ ‘218
≤‚ ‘1764,2cevening@669.com,,,18162771764,,,,,,,,≤‚ ‘218
≤‚ ‘1765,2cevening@670.com,,,18162771765,,,,,,,,≤‚ ‘218
≤‚ ‘1766,2cevening@671.com,,,18162771766,,,,,,,,≤‚ ‘218
≤‚ ‘1767,2cevening@672.com,,,18162771767,,,,,,,,≤‚ ‘218
≤‚ ‘1768,2cevening@673.com,,,18162771768,,,,,,,,≤‚ ‘218
≤‚ ‘1769,2cevening@674.com,,,18162771769,,,,,,,,≤‚ ‘218
≤‚ ‘1770,2cevening@675.com,,,18162771770,,,,,,,,≤‚ ‘218
≤‚ ‘1771,2cevening@676.com,,,18162771771,,,,,,,,≤‚ ‘218
≤‚ ‘1772,2cevening@677.com,,,18162771772,,,,,,,,≤‚ ‘218
≤‚ ‘1773,2cevening@678.com,,,18162771773,,,,,,,,≤‚ ‘218
≤‚ ‘1774,2cevening@679.com,,,18162771774,,,,,,,,≤‚ ‘218
≤‚ ‘1775,2cevening@680.com,,,18162771775,,,,,,,,≤‚ ‘218
≤‚ ‘1776,2cevening@681.com,,,18162771776,,,,,,,,≤‚ ‘218
≤‚ ‘1777,2cevening@682.com,,,18162771777,,,,,,,,≤‚ ‘218
≤‚ ‘1778,2cevening@683.com,,,18162771778,,,,,,,,≤‚ ‘218
≤‚ ‘1779,2cevening@684.com,,,18162771779,,,,,,,,≤‚ ‘218
≤‚ ‘1780,2cevening@685.com,,,18162771780,,,,,,,,≤‚ ‘218
≤‚ ‘1781,2cevening@686.com,,,18162771781,,,,,,,,≤‚ ‘218
≤‚ ‘1782,2cevening@687.com,,,18162771782,,,,,,,,≤‚ ‘218
≤‚ ‘1783,2cevening@688.com,,,18162771783,,,,,,,,≤‚ ‘218
≤‚ ‘1784,2cevening@689.com,,,18162771784,,,,,,,,≤‚ ‘218
≤‚ ‘1785,2cevening@690.com,,,18162771785,,,,,,,,≤‚ ‘218
≤‚ ‘1786,2cevening@691.com,,,18162771786,,,,,,,,≤‚ ‘218
≤‚ ‘1787,2cevening@692.com,,,18162771787,,,,,,,,≤‚ ‘218
≤‚ ‘1788,2cevening@693.com,,,18162771788,,,,,,,,≤‚ ‘218
≤‚ ‘1789,2cevening@694.com,,,18162771789,,,,,,,,≤‚ ‘218
≤‚ ‘1790,2cevening@695.com,,,18162771790,,,,,,,,≤‚ ‘218
≤‚ ‘1791,2cevening@696.com,,,18162771791,,,,,,,,≤‚ ‘218
≤‚ ‘1792,2cevening@697.com,,,18162771792,,,,,,,,≤‚ ‘218
≤‚ ‘1793,2cevening@698.com,,,18162771793,,,,,,,,≤‚ ‘218
≤‚ ‘1794,2cevening@699.com,,,18162771794,,,,,,,,≤‚ ‘218
≤‚ ‘1795,2cevening@700.com,,,18162771795,,,,,,,,≤‚ ‘218
≤‚ ‘1796,2cevening@701.com,,,18162771796,,,,,,,,≤‚ ‘218
≤‚ ‘1797,2cevening@702.com,,,18162771797,,,,,,,,≤‚ ‘218
≤‚ ‘1798,2cevening@703.com,,,18162771798,,,,,,,,≤‚ ‘218
≤‚ ‘1799,2cevening@704.com,,,18162771799,,,,,,,,≤‚ ‘218
≤‚ ‘1800,2cevening@705.com,,,18162771800,,,,,,,,≤‚ ‘218
≤‚ ‘1801,2cevening@706.com,,,18162771801,,,,,,,,≤‚ ‘218
≤‚ ‘1802,2cevening@707.com,,,18162771802,,,,,,,,≤‚ ‘218
≤‚ ‘1803,2cevening@708.com,,,18162771803,,,,,,,,≤‚ ‘218
≤‚ ‘1804,2cevening@709.com,,,18162771804,,,,,,,,≤‚ ‘218
≤‚ ‘1805,2cevening@710.com,,,18162771805,,,,,,,,≤‚ ‘218
≤‚ ‘1806,2cevening@711.com,,,18162771806,,,,,,,,≤‚ ‘218
≤‚ ‘1807,2cevening@712.com,,,18162771807,,,,,,,,≤‚ ‘218
≤‚ ‘1808,2cevening@713.com,,,18162771808,,,,,,,,≤‚ ‘218
≤‚ ‘1809,2cevening@714.com,,,18162771809,,,,,,,,≤‚ ‘218
≤‚ ‘1810,2cevening@715.com,,,18162771810,,,,,,,,≤‚ ‘218
≤‚ ‘1811,2cevening@716.com,,,18162771811,,,,,,,,≤‚ ‘218
≤‚ ‘1812,2cevening@717.com,,,18162771812,,,,,,,,≤‚ ‘218
≤‚ ‘1813,2cevening@718.com,,,18162771813,,,,,,,,≤‚ ‘218
≤‚ ‘1814,2cevening@719.com,,,18162771814,,,,,,,,≤‚ ‘218
≤‚ ‘1815,2cevening@720.com,,,18162771815,,,,,,,,≤‚ ‘218
≤‚ ‘1816,2cevening@721.com,,,18162771816,,,,,,,,≤‚ ‘218
≤‚ ‘1817,2cevening@722.com,,,18162771817,,,,,,,,≤‚ ‘218
≤‚ ‘1818,2cevening@723.com,,,18162771818,,,,,,,,≤‚ ‘218
≤‚ ‘1819,2cevening@724.com,,,18162771819,,,,,,,,≤‚ ‘218
≤‚ ‘1820,2cevening@725.com,,,18162771820,,,,,,,,≤‚ ‘218
≤‚ ‘1821,2cevening@726.com,,,18162771821,,,,,,,,≤‚ ‘218
≤‚ ‘1822,2cevening@727.com,,,18162771822,,,,,,,,≤‚ ‘218
≤‚ ‘1823,2cevening@728.com,,,18162771823,,,,,,,,≤‚ ‘218
≤‚ ‘1824,2cevening@729.com,,,18162771824,,,,,,,,≤‚ ‘218
≤‚ ‘1825,2cevening@730.com,,,18162771825,,,,,,,,≤‚ ‘218
≤‚ ‘1826,2cevening@731.com,,,18162771826,,,,,,,,≤‚ ‘218
≤‚ ‘1827,2cevening@732.com,,,18162771827,,,,,,,,≤‚ ‘218
≤‚ ‘1828,2cevening@733.com,,,18162771828,,,,,,,,≤‚ ‘218
≤‚ ‘1829,2cevening@734.com,,,18162771829,,,,,,,,≤‚ ‘218
≤‚ ‘1830,2cevening@735.com,,,18162771830,,,,,,,,≤‚ ‘218
≤‚ ‘1831,2cevening@736.com,,,18162771831,,,,,,,,≤‚ ‘218
≤‚ ‘1832,2cevening@737.com,,,18162771832,,,,,,,,≤‚ ‘218
≤‚ ‘1833,2cevening@738.com,,,18162771833,,,,,,,,≤‚ ‘218
≤‚ ‘1834,2cevening@739.com,,,18162771834,,,,,,,,≤‚ ‘218
≤‚ ‘1835,2cevening@740.com,,,18162771835,,,,,,,,≤‚ ‘218
≤‚ ‘1836,2cevening@741.com,,,18162771836,,,,,,,,≤‚ ‘218
≤‚ ‘1837,2cevening@742.com,,,18162771837,,,,,,,,≤‚ ‘218
≤‚ ‘1838,2cevening@743.com,,,18162771838,,,,,,,,≤‚ ‘218
≤‚ ‘1839,2cevening@744.com,,,18162771839,,,,,,,,≤‚ ‘218
≤‚ ‘1840,2cevening@745.com,,,18162771840,,,,,,,,≤‚ ‘218
≤‚ ‘1841,2cevening@746.com,,,18162771841,,,,,,,,≤‚ ‘218
≤‚ ‘1842,2cevening@747.com,,,18162771842,,,,,,,,≤‚ ‘218
≤‚ ‘1843,2cevening@748.com,,,18162771843,,,,,,,,≤‚ ‘218
≤‚ ‘1844,2cevening@749.com,,,18162771844,,,,,,,,≤‚ ‘218
≤‚ ‘1845,2cevening@750.com,,,18162771845,,,,,,,,≤‚ ‘218
≤‚ ‘1846,2cevening@751.com,,,18162771846,,,,,,,,≤‚ ‘218
≤‚ ‘1847,2cevening@752.com,,,18162771847,,,,,,,,≤‚ ‘218
≤‚ ‘1848,2cevening@753.com,,,18162771848,,,,,,,,≤‚ ‘218
≤‚ ‘1849,2cevening@754.com,,,18162771849,,,,,,,,≤‚ ‘218
≤‚ ‘1850,2cevening@755.com,,,18162771850,,,,,,,,≤‚ ‘218
≤‚ ‘1851,2cevening@756.com,,,18162771851,,,,,,,,≤‚ ‘218
≤‚ ‘1852,2cevening@757.com,,,18162771852,,,,,,,,≤‚ ‘218
≤‚ ‘1853,2cevening@758.com,,,18162771853,,,,,,,,≤‚ ‘218
≤‚ ‘1854,2cevening@759.com,,,18162771854,,,,,,,,≤‚ ‘218
≤‚ ‘1855,2cevening@760.com,,,18162771855,,,,,,,,≤‚ ‘218
≤‚ ‘1856,2cevening@761.com,,,18162771856,,,,,,,,≤‚ ‘218
≤‚ ‘1857,2cevening@762.com,,,18162771857,,,,,,,,≤‚ ‘218
≤‚ ‘1858,2cevening@763.com,,,18162771858,,,,,,,,≤‚ ‘218
≤‚ ‘1859,2cevening@764.com,,,18162771859,,,,,,,,≤‚ ‘218
≤‚ ‘1860,2cevening@765.com,,,18162771860,,,,,,,,≤‚ ‘218
≤‚ ‘1861,2cevening@766.com,,,18162771861,,,,,,,,≤‚ ‘218
≤‚ ‘1862,2cevening@767.com,,,18162771862,,,,,,,,≤‚ ‘218
≤‚ ‘1863,2cevening@768.com,,,18162771863,,,,,,,,≤‚ ‘218
≤‚ ‘1864,2cevening@769.com,,,18162771864,,,,,,,,≤‚ ‘218
≤‚ ‘1865,2cevening@770.com,,,18162771865,,,,,,,,≤‚ ‘218
≤‚ ‘1866,2cevening@771.com,,,18162771866,,,,,,,,≤‚ ‘218
≤‚ ‘1867,2cevening@772.com,,,18162771867,,,,,,,,≤‚ ‘218
≤‚ ‘1868,2cevening@773.com,,,18162771868,,,,,,,,≤‚ ‘218
≤‚ ‘1869,2cevening@774.com,,,18162771869,,,,,,,,≤‚ ‘218
≤‚ ‘1870,2cevening@775.com,,,18162771870,,,,,,,,≤‚ ‘218
≤‚ ‘1871,2cevening@776.com,,,18162771871,,,,,,,,≤‚ ‘218
≤‚ ‘1872,2cevening@777.com,,,18162771872,,,,,,,,≤‚ ‘218
≤‚ ‘1873,2cevening@778.com,,,18162771873,,,,,,,,≤‚ ‘218
≤‚ ‘1874,2cevening@779.com,,,18162771874,,,,,,,,≤‚ ‘218
≤‚ ‘1875,2cevening@780.com,,,18162771875,,,,,,,,≤‚ ‘218
≤‚ ‘1876,2cevening@781.com,,,18162771876,,,,,,,,≤‚ ‘218
≤‚ ‘1877,2cevening@782.com,,,18162771877,,,,,,,,≤‚ ‘218
≤‚ ‘1878,2cevening@783.com,,,18162771878,,,,,,,,≤‚ ‘218
≤‚ ‘1879,2cevening@784.com,,,18162771879,,,,,,,,≤‚ ‘218
≤‚ ‘1880,2cevening@785.com,,,18162771880,,,,,,,,≤‚ ‘218
≤‚ ‘1881,2cevening@786.com,,,18162771881,,,,,,,,≤‚ ‘218
≤‚ ‘1882,2cevening@787.com,,,18162771882,,,,,,,,≤‚ ‘218
≤‚ ‘1883,2cevening@788.com,,,18162771883,,,,,,,,≤‚ ‘218
≤‚ ‘1884,2cevening@789.com,,,18162771884,,,,,,,,≤‚ ‘218
≤‚ ‘1885,2cevening@790.com,,,18162771885,,,,,,,,≤‚ ‘218
≤‚ ‘1886,2cevening@791.com,,,18162771886,,,,,,,,≤‚ ‘218
≤‚ ‘1887,2cevening@792.com,,,18162771887,,,,,,,,≤‚ ‘218
≤‚ ‘1888,2cevening@793.com,,,18162771888,,,,,,,,≤‚ ‘218
≤‚ ‘1889,2cevening@794.com,,,18162771889,,,,,,,,≤‚ ‘218
≤‚ ‘1890,2cevening@795.com,,,18162771890,,,,,,,,≤‚ ‘218
≤‚ ‘1891,2cevening@796.com,,,18162771891,,,,,,,,≤‚ ‘218
≤‚ ‘1892,2cevening@797.com,,,18162771892,,,,,,,,≤‚ ‘218
≤‚ ‘1893,2cevening@798.com,,,18162771893,,,,,,,,≤‚ ‘218
≤‚ ‘1894,2cevening@799.com,,,18162771894,,,,,,,,≤‚ ‘218
≤‚ ‘1895,2cevening@800.com,,,18162771895,,,,,,,,≤‚ ‘218
≤‚ ‘1896,2cevening@801.com,,,18162771896,,,,,,,,≤‚ ‘218
≤‚ ‘1897,2cevening@802.com,,,18162771897,,,,,,,,≤‚ ‘218
≤‚ ‘1898,2cevening@803.com,,,18162771898,,,,,,,,≤‚ ‘218
≤‚ ‘1899,2cevening@804.com,,,18162771899,,,,,,,,≤‚ ‘218
≤‚ ‘1900,2cevening@805.com,,,18162771900,,,,,,,,≤‚ ‘218
≤‚ ‘1901,2cevening@806.com,,,18162771901,,,,,,,,≤‚ ‘218
≤‚ ‘1902,2cevening@807.com,,,18162771902,,,,,,,,≤‚ ‘218
≤‚ ‘1903,2cevening@808.com,,,18162771903,,,,,,,,≤‚ ‘218
≤‚ ‘1904,2cevening@809.com,,,18162771904,,,,,,,,≤‚ ‘218
≤‚ ‘1905,2cevening@810.com,,,18162771905,,,,,,,,≤‚ ‘218
≤‚ ‘1906,2cevening@811.com,,,18162771906,,,,,,,,≤‚ ‘218
≤‚ ‘1907,2cevening@812.com,,,18162771907,,,,,,,,≤‚ ‘218
≤‚ ‘1908,2cevening@813.com,,,18162771908,,,,,,,,≤‚ ‘218
≤‚ ‘1909,2cevening@814.com,,,18162771909,,,,,,,,≤‚ ‘218
≤‚ ‘1910,2cevening@815.com,,,18162771910,,,,,,,,≤‚ ‘218
≤‚ ‘1911,2cevening@816.com,,,18162771911,,,,,,,,≤‚ ‘218
≤‚ ‘1912,2cevening@817.com,,,18162771912,,,,,,,,≤‚ ‘218
≤‚ ‘1913,2cevening@818.com,,,18162771913,,,,,,,,≤‚ ‘218
≤‚ ‘1914,2cevening@819.com,,,18162771914,,,,,,,,≤‚ ‘218
≤‚ ‘1915,2cevening@820.com,,,18162771915,,,,,,,,≤‚ ‘218
≤‚ ‘1916,2cevening@821.com,,,18162771916,,,,,,,,≤‚ ‘218
≤‚ ‘1917,2cevening@822.com,,,18162771917,,,,,,,,≤‚ ‘218
≤‚ ‘1918,2cevening@823.com,,,18162771918,,,,,,,,≤‚ ‘218
≤‚ ‘1919,2cevening@824.com,,,18162771919,,,,,,,,≤‚ ‘218
≤‚ ‘1920,2cevening@825.com,,,18162771920,,,,,,,,≤‚ ‘218
≤‚ ‘1921,2cevening@826.com,,,18162771921,,,,,,,,≤‚ ‘218
≤‚ ‘1922,2cevening@827.com,,,18162771922,,,,,,,,≤‚ ‘218
≤‚ ‘1923,2cevening@828.com,,,18162771923,,,,,,,,≤‚ ‘218
≤‚ ‘1924,2cevening@829.com,,,18162771924,,,,,,,,≤‚ ‘218
≤‚ ‘1925,2cevening@830.com,,,18162771925,,,,,,,,≤‚ ‘218
≤‚ ‘1926,2cevening@831.com,,,18162771926,,,,,,,,≤‚ ‘218
≤‚ ‘1927,2cevening@832.com,,,18162771927,,,,,,,,≤‚ ‘218
≤‚ ‘1928,2cevening@833.com,,,18162771928,,,,,,,,≤‚ ‘218
≤‚ ‘1929,2cevening@834.com,,,18162771929,,,,,,,,≤‚ ‘218
≤‚ ‘1930,2cevening@835.com,,,18162771930,,,,,,,,≤‚ ‘218
≤‚ ‘1931,2cevening@836.com,,,18162771931,,,,,,,,≤‚ ‘218
≤‚ ‘1932,2cevening@837.com,,,18162771932,,,,,,,,≤‚ ‘218
≤‚ ‘1933,2cevening@838.com,,,18162771933,,,,,,,,≤‚ ‘218
≤‚ ‘1934,2cevening@839.com,,,18162771934,,,,,,,,≤‚ ‘218
≤‚ ‘1935,2cevening@840.com,,,18162771935,,,,,,,,≤‚ ‘218
≤‚ ‘1936,2cevening@841.com,,,18162771936,,,,,,,,≤‚ ‘218
≤‚ ‘1937,2cevening@842.com,,,18162771937,,,,,,,,≤‚ ‘218
≤‚ ‘1938,2cevening@843.com,,,18162771938,,,,,,,,≤‚ ‘218
≤‚ ‘1939,2cevening@844.com,,,18162771939,,,,,,,,≤‚ ‘218
≤‚ ‘1940,2cevening@845.com,,,18162771940,,,,,,,,≤‚ ‘218
≤‚ ‘1941,2cevening@846.com,,,18162771941,,,,,,,,≤‚ ‘218
≤‚ ‘1942,2cevening@847.com,,,18162771942,,,,,,,,≤‚ ‘218
≤‚ ‘1943,2cevening@848.com,,,18162771943,,,,,,,,≤‚ ‘218
≤‚ ‘1944,2cevening@849.com,,,18162771944,,,,,,,,≤‚ ‘218
≤‚ ‘1945,2cevening@850.com,,,18162771945,,,,,,,,≤‚ ‘218
≤‚ ‘1946,2cevening@851.com,,,18162771946,,,,,,,,≤‚ ‘218
≤‚ ‘1947,2cevening@852.com,,,18162771947,,,,,,,,≤‚ ‘218
≤‚ ‘1948,2cevening@853.com,,,18162771948,,,,,,,,≤‚ ‘218
≤‚ ‘1949,2cevening@854.com,,,18162771949,,,,,,,,≤‚ ‘218
≤‚ ‘1950,2cevening@855.com,,,18162771950,,,,,,,,≤‚ ‘218
≤‚ ‘1951,2cevening@856.com,,,18162771951,,,,,,,,≤‚ ‘218
≤‚ ‘1952,2cevening@857.com,,,18162771952,,,,,,,,≤‚ ‘218
≤‚ ‘1953,2cevening@858.com,,,18162771953,,,,,,,,≤‚ ‘218
≤‚ ‘1954,2cevening@859.com,,,18162771954,,,,,,,,≤‚ ‘218
≤‚ ‘1955,2cevening@860.com,,,18162771955,,,,,,,,≤‚ ‘218
≤‚ ‘1956,2cevening@861.com,,,18162771956,,,,,,,,≤‚ ‘218
≤‚ ‘1957,2cevening@862.com,,,18162771957,,,,,,,,≤‚ ‘218
≤‚ ‘1958,2cevening@863.com,,,18162771958,,,,,,,,≤‚ ‘218
≤‚ ‘1959,2cevening@864.com,,,18162771959,,,,,,,,≤‚ ‘218
≤‚ ‘1960,2cevening@865.com,,,18162771960,,,,,,,,≤‚ ‘218
≤‚ ‘1961,2cevening@866.com,,,18162771961,,,,,,,,≤‚ ‘218
≤‚ ‘1962,2cevening@867.com,,,18162771962,,,,,,,,≤‚ ‘218
≤‚ ‘1963,2cevening@868.com,,,18162771963,,,,,,,,≤‚ ‘218
≤‚ ‘1964,2cevening@869.com,,,18162771964,,,,,,,,≤‚ ‘218
≤‚ ‘1965,2cevening@870.com,,,18162771965,,,,,,,,≤‚ ‘218
≤‚ ‘1966,2cevening@871.com,,,18162771966,,,,,,,,≤‚ ‘218
≤‚ ‘1967,2cevening@872.com,,,18162771967,,,,,,,,≤‚ ‘218
≤‚ ‘1968,2cevening@873.com,,,18162771968,,,,,,,,≤‚ ‘218
≤‚ ‘1969,2cevening@874.com,,,18162771969,,,,,,,,≤‚ ‘218
≤‚ ‘1970,2cevening@875.com,,,18162771970,,,,,,,,≤‚ ‘218
≤‚ ‘1971,2cevening@876.com,,,18162771971,,,,,,,,≤‚ ‘218
≤‚ ‘1972,2cevening@877.com,,,18162771972,,,,,,,,≤‚ ‘218
≤‚ ‘1973,2cevening@878.com,,,18162771973,,,,,,,,≤‚ ‘218
≤‚ ‘1974,2cevening@879.com,,,18162771974,,,,,,,,≤‚ ‘218
≤‚ ‘1975,2cevening@880.com,,,18162771975,,,,,,,,≤‚ ‘218
≤‚ ‘1976,2cevening@881.com,,,18162771976,,,,,,,,≤‚ ‘218
≤‚ ‘1977,2cevening@882.com,,,18162771977,,,,,,,,≤‚ ‘218
≤‚ ‘1978,2cevening@883.com,,,18162771978,,,,,,,,≤‚ ‘218
≤‚ ‘1979,2cevening@884.com,,,18162771979,,,,,,,,≤‚ ‘218
≤‚ ‘1980,2cevening@885.com,,,18162771980,,,,,,,,≤‚ ‘218
≤‚ ‘1981,2cevening@886.com,,,18162771981,,,,,,,,≤‚ ‘218
≤‚ ‘1982,2cevening@887.com,,,18162771982,,,,,,,,≤‚ ‘218
≤‚ ‘1983,2cevening@888.com,,,18162771983,,,,,,,,≤‚ ‘218
≤‚ ‘1984,2cevening@889.com,,,18162771984,,,,,,,,≤‚ ‘218
≤‚ ‘1985,2cevening@890.com,,,18162771985,,,,,,,,≤‚ ‘218
≤‚ ‘1986,2cevening@891.com,,,18162771986,,,,,,,,≤‚ ‘218
≤‚ ‘1987,2cevening@892.com,,,18162771987,,,,,,,,≤‚ ‘218
≤‚ ‘1988,2cevening@893.com,,,18162771988,,,,,,,,≤‚ ‘218
≤‚ ‘1989,2cevening@894.com,,,18162771989,,,,,,,,≤‚ ‘218
≤‚ ‘1990,2cevening@895.com,,,18162771990,,,,,,,,≤‚ ‘218
≤‚ ‘1991,2cevening@896.com,,,18162771991,,,,,,,,≤‚ ‘218
≤‚ ‘1992,2cevening@897.com,,,18162771992,,,,,,,,≤‚ ‘218
≤‚ ‘1993,2cevening@898.com,,,18162771993,,,,,,,,≤‚ ‘218
≤‚ ‘1994,2cevening@899.com,,,18162771994,,,,,,,,≤‚ ‘218
≤‚ ‘1995,2cevening@900.com,,,18162771995,,,,,,,,≤‚ ‘218
≤‚ ‘1996,2cevening@901.com,,,18162771996,,,,,,,,≤‚ ‘218
≤‚ ‘1997,2cevening@902.com,,,18162771997,,,,,,,,≤‚ ‘218
≤‚ ‘1998,2cevening@903.com,,,18162771998,,,,,,,,≤‚ ‘218
≤‚ ‘1999,2cevening@904.com,,,18162771999,,,,,,,,≤‚ ‘218
≤‚ ‘2000,2cevening@905.com,,,18162772000,,,,,,,,≤‚ ‘218
≤‚ ‘2001,2cevening@906.com,,,18162772001,,,,,,,,≤‚ ‘218
≤‚ ‘2002,2cevening@907.com,,,18162772002,,,,,,,,≤‚ ‘218
≤‚ ‘2003,2cevening@908.com,,,18162772003,,,,,,,,≤‚ ‘218
≤‚ ‘2004,2cevening@909.com,,,18162772004,,,,,,,,≤‚ ‘218
≤‚ ‘2005,2cevening@910.com,,,18162772005,,,,,,,,≤‚ ‘218
≤‚ ‘2006,2cevening@911.com,,,18162772006,,,,,,,,≤‚ ‘218
≤‚ ‘2007,2cevening@912.com,,,18162772007,,,,,,,,≤‚ ‘218
≤‚ ‘2008,2cevening@913.com,,,18162772008,,,,,,,,≤‚ ‘218
≤‚ ‘2009,2cevening@914.com,,,18162772009,,,,,,,,≤‚ ‘218
≤‚ ‘2010,2cevening@915.com,,,18162772010,,,,,,,,≤‚ ‘218
≤‚ ‘2011,2cevening@916.com,,,18162772011,,,,,,,,≤‚ ‘218
≤‚ ‘2012,2cevening@917.com,,,18162772012,,,,,,,,≤‚ ‘218
≤‚ ‘2013,2cevening@918.com,,,18162772013,,,,,,,,≤‚ ‘218
≤‚ ‘2014,2cevening@919.com,,,18162772014,,,,,,,,≤‚ ‘218
≤‚ ‘2015,2cevening@920.com,,,18162772015,,,,,,,,≤‚ ‘218
≤‚ ‘2016,2cevening@921.com,,,18162772016,,,,,,,,≤‚ ‘218
≤‚ ‘2017,2cevening@922.com,,,18162772017,,,,,,,,≤‚ ‘218
≤‚ ‘2018,2cevening@923.com,,,18162772018,,,,,,,,≤‚ ‘218
≤‚ ‘2019,2cevening@924.com,,,18162772019,,,,,,,,≤‚ ‘218
≤‚ ‘2020,2cevening@925.com,,,18162772020,,,,,,,,≤‚ ‘218
≤‚ ‘2021,2cevening@926.com,,,18162772021,,,,,,,,≤‚ ‘218
≤‚ ‘2022,2cevening@927.com,,,18162772022,,,,,,,,≤‚ ‘218
≤‚ ‘2023,2cevening@928.com,,,18162772023,,,,,,,,≤‚ ‘218
≤‚ ‘2024,2cevening@929.com,,,18162772024,,,,,,,,≤‚ ‘218
≤‚ ‘2025,2cevening@930.com,,,18162772025,,,,,,,,≤‚ ‘218
≤‚ ‘2026,2cevening@931.com,,,18162772026,,,,,,,,≤‚ ‘218
≤‚ ‘2027,2cevening@932.com,,,18162772027,,,,,,,,≤‚ ‘218
≤‚ ‘2028,2cevening@933.com,,,18162772028,,,,,,,,≤‚ ‘218
≤‚ ‘2029,2cevening@934.com,,,18162772029,,,,,,,,≤‚ ‘218
≤‚ ‘2030,2cevening@935.com,,,18162772030,,,,,,,,≤‚ ‘218
≤‚ ‘2031,2cevening@936.com,,,18162772031,,,,,,,,≤‚ ‘218
≤‚ ‘2032,2cevening@937.com,,,18162772032,,,,,,,,≤‚ ‘218
≤‚ ‘2033,2cevening@938.com,,,18162772033,,,,,,,,≤‚ ‘218
≤‚ ‘2034,2cevening@939.com,,,18162772034,,,,,,,,≤‚ ‘218
≤‚ ‘2035,2cevening@940.com,,,18162772035,,,,,,,,≤‚ ‘218
≤‚ ‘2036,2cevening@941.com,,,18162772036,,,,,,,,≤‚ ‘218
≤‚ ‘2037,2cevening@942.com,,,18162772037,,,,,,,,≤‚ ‘218
≤‚ ‘2038,2cevening@943.com,,,18162772038,,,,,,,,≤‚ ‘218
≤‚ ‘2039,2cevening@944.com,,,18162772039,,,,,,,,≤‚ ‘218
≤‚ ‘2040,2cevening@945.com,,,18162772040,,,,,,,,≤‚ ‘218
≤‚ ‘2041,2cevening@946.com,,,18162772041,,,,,,,,≤‚ ‘218
≤‚ ‘2042,2cevening@947.com,,,18162772042,,,,,,,,≤‚ ‘218
≤‚ ‘2043,2cevening@948.com,,,18162772043,,,,,,,,≤‚ ‘218
≤‚ ‘2044,2cevening@949.com,,,18162772044,,,,,,,,≤‚ ‘218
≤‚ ‘2045,2cevening@950.com,,,18162772045,,,,,,,,≤‚ ‘218
≤‚ ‘2046,2cevening@951.com,,,18162772046,,,,,,,,≤‚ ‘218
≤‚ ‘2047,2cevening@952.com,,,18162772047,,,,,,,,≤‚ ‘218
≤‚ ‘2048,2cevening@953.com,,,18162772048,,,,,,,,≤‚ ‘218
≤‚ ‘2049,2cevening@954.com,,,18162772049,,,,,,,,≤‚ ‘218
≤‚ ‘2050,2cevening@955.com,,,18162772050,,,,,,,,≤‚ ‘218
≤‚ ‘2051,2cevening@956.com,,,18162772051,,,,,,,,≤‚ ‘218
≤‚ ‘2052,2cevening@957.com,,,18162772052,,,,,,,,≤‚ ‘218
≤‚ ‘2053,2cevening@958.com,,,18162772053,,,,,,,,≤‚ ‘218
≤‚ ‘2054,2cevening@959.com,,,18162772054,,,,,,,,≤‚ ‘218
≤‚ ‘2055,2cevening@960.com,,,18162772055,,,,,,,,≤‚ ‘218
≤‚ ‘2056,2cevening@961.com,,,18162772056,,,,,,,,≤‚ ‘218
≤‚ ‘2057,2cevening@962.com,,,18162772057,,,,,,,,≤‚ ‘218
≤‚ ‘2058,2cevening@963.com,,,18162772058,,,,,,,,≤‚ ‘218
≤‚ ‘2059,2cevening@964.com,,,18162772059,,,,,,,,≤‚ ‘218
≤‚ ‘2060,2cevening@965.com,,,18162772060,,,,,,,,≤‚ ‘218
≤‚ ‘2061,2cevening@966.com,,,18162772061,,,,,,,,≤‚ ‘218
≤‚ ‘2062,2cevening@967.com,,,18162772062,,,,,,,,≤‚ ‘218
≤‚ ‘2063,2cevening@968.com,,,18162772063,,,,,,,,≤‚ ‘218
≤‚ ‘2064,2cevening@969.com,,,18162772064,,,,,,,,≤‚ ‘218
≤‚ ‘2065,2cevening@970.com,,,18162772065,,,,,,,,≤‚ ‘218
≤‚ ‘2066,2cevening@971.com,,,18162772066,,,,,,,,≤‚ ‘218
≤‚ ‘2067,2cevening@972.com,,,18162772067,,,,,,,,≤‚ ‘218
≤‚ ‘2068,2cevening@973.com,,,18162772068,,,,,,,,≤‚ ‘218
≤‚ ‘2069,2cevening@974.com,,,18162772069,,,,,,,,≤‚ ‘218
≤‚ ‘2070,2cevening@975.com,,,18162772070,,,,,,,,≤‚ ‘218
≤‚ ‘2071,2cevening@976.com,,,18162772071,,,,,,,,≤‚ ‘218
≤‚ ‘2072,2cevening@977.com,,,18162772072,,,,,,,,≤‚ ‘218
≤‚ ‘2073,2cevening@978.com,,,18162772073,,,,,,,,≤‚ ‘218
≤‚ ‘2074,2cevening@979.com,,,18162772074,,,,,,,,≤‚ ‘218
≤‚ ‘2075,2cevening@980.com,,,18162772075,,,,,,,,≤‚ ‘218
≤‚ ‘2076,2cevening@981.com,,,18162772076,,,,,,,,≤‚ ‘218
≤‚ ‘2077,2cevening@982.com,,,18162772077,,,,,,,,≤‚ ‘218
≤‚ ‘2078,2cevening@983.com,,,18162772078,,,,,,,,≤‚ ‘218
≤‚ ‘2079,2cevening@984.com,,,18162772079,,,,,,,,≤‚ ‘218
≤‚ ‘2080,2cevening@985.com,,,18162772080,,,,,,,,≤‚ ‘218
≤‚ ‘2081,2cevening@986.com,,,18162772081,,,,,,,,≤‚ ‘218
≤‚ ‘2082,2cevening@987.com,,,18162772082,,,,,,,,≤‚ ‘218
≤‚ ‘2083,2cevening@988.com,,,18162772083,,,,,,,,≤‚ ‘218
≤‚ ‘2084,2cevening@989.com,,,18162772084,,,,,,,,≤‚ ‘218
≤‚ ‘2085,2cevening@990.com,,,18162772085,,,,,,,,≤‚ ‘218
≤‚ ‘2086,2cevening@991.com,,,18162772086,,,,,,,,≤‚ ‘218
≤‚ ‘2087,2cevening@992.com,,,18162772087,,,,,,,,≤‚ ‘218
≤‚ ‘2088,2cevening@993.com,,,18162772088,,,,,,,,≤‚ ‘218
≤‚ ‘2089,2cevening@994.com,,,18162772089,,,,,,,,≤‚ ‘218
≤‚ ‘2090,2cevening@995.com,,,18162772090,,,,,,,,≤‚ ‘218
≤‚ ‘2091,2cevening@996.com,,,18162772091,,,,,,,,≤‚ ‘218
≤‚ ‘2092,2cevening@997.com,,,18162772092,,,,,,,,≤‚ ‘218
≤‚ ‘2093,2cevening@998.com,,,18162772093,,,,,,,,≤‚ ‘218
≤‚ ‘2094,2cevening@999.com,,,18162772094,,,,,,,,≤‚ ‘218
≤‚ ‘2095,2cevening@1000.com,,,18162772095,,,,,,,,≤‚ ‘218
≤‚ ‘2096,2cevening@1001.com,,,18162772096,,,,,,,,≤‚ ‘218
≤‚ ‘2097,2cevening@1002.com,,,18162772097,,,,,,,,≤‚ ‘218
≤‚ ‘2098,2cevening@1003.com,,,18162772098,,,,,,,,≤‚ ‘218
≤‚ ‘2099,2cevening@1004.com,,,18162772099,,,,,,,,≤‚ ‘218
≤‚ ‘2100,2cevening@1005.com,,,18162772100,,,,,,,,≤‚ ‘218
≤‚ ‘2101,2cevening@1006.com,,,18162772101,,,,,,,,≤‚ ‘218
≤‚ ‘2102,2cevening@1007.com,,,18162772102,,,,,,,,≤‚ ‘218
≤‚ ‘2103,2cevening@1008.com,,,18162772103,,,,,,,,≤‚ ‘218
≤‚ ‘2104,2cevening@1009.com,,,18162772104,,,,,,,,≤‚ ‘218
≤‚ ‘2105,2cevening@1010.com,,,18162772105,,,,,,,,≤‚ ‘218
≤‚ ‘2106,2cevening@1011.com,,,18162772106,,,,,,,,≤‚ ‘218
≤‚ ‘2107,2cevening@1012.com,,,18162772107,,,,,,,,≤‚ ‘218
≤‚ ‘2108,2cevening@1013.com,,,18162772108,,,,,,,,≤‚ ‘218
≤‚ ‘2109,2cevening@1014.com,,,18162772109,,,,,,,,≤‚ ‘218
≤‚ ‘2110,2cevening@1015.com,,,18162772110,,,,,,,,≤‚ ‘218
≤‚ ‘2111,2cevening@1016.com,,,18162772111,,,,,,,,≤‚ ‘218
≤‚ ‘2112,2cevening@1017.com,,,18162772112,,,,,,,,≤‚ ‘218
≤‚ ‘2113,2cevening@1018.com,,,18162772113,,,,,,,,≤‚ ‘218
≤‚ ‘2114,2cevening@1019.com,,,18162772114,,,,,,,,≤‚ ‘218
≤‚ ‘2115,2cevening@1020.com,,,18162772115,,,,,,,,≤‚ ‘218
≤‚ ‘2116,2cevening@1021.com,,,18162772116,,,,,,,,≤‚ ‘218
≤‚ ‘2117,2cevening@1022.com,,,18162772117,,,,,,,,≤‚ ‘218
≤‚ ‘2118,2cevening@1023.com,,,18162772118,,,,,,,,≤‚ ‘218
≤‚ ‘2119,2cevening@1024.com,,,18162772119,,,,,,,,≤‚ ‘218
≤‚ ‘2120,2cevening@1025.com,,,18162772120,,,,,,,,≤‚ ‘218
≤‚ ‘2121,2cevening@1026.com,,,18162772121,,,,,,,,≤‚ ‘218
≤‚ ‘2122,2cevening@1027.com,,,18162772122,,,,,,,,≤‚ ‘218
≤‚ ‘2123,2cevening@1028.com,,,18162772123,,,,,,,,≤‚ ‘218
≤‚ ‘2124,2cevening@1029.com,,,18162772124,,,,,,,,≤‚ ‘218
≤‚ ‘2125,2cevening@1030.com,,,18162772125,,,,,,,,≤‚ ‘218
≤‚ ‘2126,2cevening@1031.com,,,18162772126,,,,,,,,≤‚ ‘218
≤‚ ‘2127,2cevening@1032.com,,,18162772127,,,,,,,,≤‚ ‘218
≤‚ ‘2128,2cevening@1033.com,,,18162772128,,,,,,,,≤‚ ‘218
≤‚ ‘2129,2cevening@1034.com,,,18162772129,,,,,,,,≤‚ ‘218
≤‚ ‘2130,2cevening@1035.com,,,18162772130,,,,,,,,≤‚ ‘218
≤‚ ‘2131,2cevening@1036.com,,,18162772131,,,,,,,,≤‚ ‘218
≤‚ ‘2132,2cevening@1037.com,,,18162772132,,,,,,,,≤‚ ‘218
≤‚ ‘2133,2cevening@1038.com,,,18162772133,,,,,,,,≤‚ ‘218
≤‚ ‘2134,2cevening@1039.com,,,18162772134,,,,,,,,≤‚ ‘218
≤‚ ‘2135,2cevening@1040.com,,,18162772135,,,,,,,,≤‚ ‘218
≤‚ ‘2136,2cevening@1041.com,,,18162772136,,,,,,,,≤‚ ‘218
≤‚ ‘2137,2cevening@1042.com,,,18162772137,,,,,,,,≤‚ ‘218
≤‚ ‘2138,2cevening@1043.com,,,18162772138,,,,,,,,≤‚ ‘218
≤‚ ‘2139,2cevening@1044.com,,,18162772139,,,,,,,,≤‚ ‘218
≤‚ ‘2140,2cevening@1045.com,,,18162772140,,,,,,,,≤‚ ‘218
≤‚ ‘2141,2cevening@1046.com,,,18162772141,,,,,,,,≤‚ ‘218
≤‚ ‘2142,2cevening@1047.com,,,18162772142,,,,,,,,≤‚ ‘218
≤‚ ‘2143,2cevening@1048.com,,,18162772143,,,,,,,,≤‚ ‘218
≤‚ ‘2144,2cevening@1049.com,,,18162772144,,,,,,,,≤‚ ‘218
≤‚ ‘2145,2cevening@1050.com,,,18162772145,,,,,,,,≤‚ ‘218
≤‚ ‘2146,2cevening@1051.com,,,18162772146,,,,,,,,≤‚ ‘218
≤‚ ‘2147,2cevening@1052.com,,,18162772147,,,,,,,,≤‚ ‘218
≤‚ ‘2148,2cevening@1053.com,,,18162772148,,,,,,,,≤‚ ‘218
≤‚ ‘2149,2cevening@1054.com,,,18162772149,,,,,,,,≤‚ ‘218
≤‚ ‘2150,2cevening@1055.com,,,18162772150,,,,,,,,≤‚ ‘218
≤‚ ‘2151,2cevening@1056.com,,,18162772151,,,,,,,,≤‚ ‘218
≤‚ ‘2152,2cevening@1057.com,,,18162772152,,,,,,,,≤‚ ‘218
≤‚ ‘2153,2cevening@1058.com,,,18162772153,,,,,,,,≤‚ ‘218
≤‚ ‘2154,2cevening@1059.com,,,18162772154,,,,,,,,≤‚ ‘218
≤‚ ‘2155,2cevening@1060.com,,,18162772155,,,,,,,,≤‚ ‘218
≤‚ ‘2156,2cevening@1061.com,,,18162772156,,,,,,,,≤‚ ‘218
≤‚ ‘2157,2cevening@1062.com,,,18162772157,,,,,,,,≤‚ ‘218
≤‚ ‘2158,2cevening@1063.com,,,18162772158,,,,,,,,≤‚ ‘218
≤‚ ‘2159,2cevening@1064.com,,,18162772159,,,,,,,,≤‚ ‘218
≤‚ ‘2160,2cevening@1065.com,,,18162772160,,,,,,,,≤‚ ‘218
≤‚ ‘2161,2cevening@1066.com,,,18162772161,,,,,,,,≤‚ ‘218
≤‚ ‘2162,2cevening@1067.com,,,18162772162,,,,,,,,≤‚ ‘218
≤‚ ‘2163,2cevening@1068.com,,,18162772163,,,,,,,,≤‚ ‘218
≤‚ ‘2164,2cevening@1069.com,,,18162772164,,,,,,,,≤‚ ‘218
≤‚ ‘2165,2cevening@1070.com,,,18162772165,,,,,,,,≤‚ ‘218
≤‚ ‘2166,2cevening@1071.com,,,18162772166,,,,,,,,≤‚ ‘218
≤‚ ‘2167,2cevening@1072.com,,,18162772167,,,,,,,,≤‚ ‘218
≤‚ ‘2168,2cevening@1073.com,,,18162772168,,,,,,,,≤‚ ‘218
≤‚ ‘2169,2cevening@1074.com,,,18162772169,,,,,,,,≤‚ ‘218
≤‚ ‘2170,2cevening@1075.com,,,18162772170,,,,,,,,≤‚ ‘218
≤‚ ‘2171,2cevening@1076.com,,,18162772171,,,,,,,,≤‚ ‘218
≤‚ ‘2172,2cevening@1077.com,,,18162772172,,,,,,,,≤‚ ‘218
≤‚ ‘2173,2cevening@1078.com,,,18162772173,,,,,,,,≤‚ ‘218
≤‚ ‘2174,2cevening@1079.com,,,18162772174,,,,,,,,≤‚ ‘218
≤‚ ‘2175,2cevening@1080.com,,,18162772175,,,,,,,,≤‚ ‘218
≤‚ ‘2176,2cevening@1081.com,,,18162772176,,,,,,,,≤‚ ‘218
≤‚ ‘2177,2cevening@1082.com,,,18162772177,,,,,,,,≤‚ ‘218
≤‚ ‘2178,2cevening@1083.com,,,18162772178,,,,,,,,≤‚ ‘218
≤‚ ‘2179,2cevening@1084.com,,,18162772179,,,,,,,,≤‚ ‘218
≤‚ ‘2180,2cevening@1085.com,,,18162772180,,,,,,,,≤‚ ‘218
≤‚ ‘2181,2cevening@1086.com,,,18162772181,,,,,,,,≤‚ ‘218
≤‚ ‘2182,2cevening@1087.com,,,18162772182,,,,,,,,≤‚ ‘218
≤‚ ‘2183,2cevening@1088.com,,,18162772183,,,,,,,,≤‚ ‘218
≤‚ ‘2184,2cevening@1089.com,,,18162772184,,,,,,,,≤‚ ‘218
≤‚ ‘2185,2cevening@1090.com,,,18162772185,,,,,,,,≤‚ ‘218
≤‚ ‘2186,2cevening@1091.com,,,18162772186,,,,,,,,≤‚ ‘218
≤‚ ‘2187,2cevening@1092.com,,,18162772187,,,,,,,,≤‚ ‘218
≤‚ ‘2188,2cevening@1093.com,,,18162772188,,,,,,,,≤‚ ‘218
≤‚ ‘2189,2cevening@1094.com,,,18162772189,,,,,,,,≤‚ ‘218
≤‚ ‘2190,2cevening@1095.com,,,18162772190,,,,,,,,≤‚ ‘218
≤‚ ‘2191,2cevening@1096.com,,,18162772191,,,,,,,,≤‚ ‘218
≤‚ ‘2192,2cevening@1097.com,,,18162772192,,,,,,,,≤‚ ‘218
≤‚ ‘2193,2cevening@1098.com,,,18162772193,,,,,,,,≤‚ ‘218
≤‚ ‘2194,2cevening@1099.com,,,18162772194,,,,,,,,≤‚ ‘218
≤‚ ‘2195,2cevening@1100.com,,,18162772195,,,,,,,,≤‚ ‘218
≤‚ ‘2196,2cevening@1101.com,,,18162772196,,,,,,,,≤‚ ‘218
≤‚ ‘2197,2cevening@1102.com,,,18162772197,,,,,,,,≤‚ ‘218
≤‚ ‘2198,2cevening@1103.com,,,18162772198,,,,,,,,≤‚ ‘218
≤‚ ‘2199,2cevening@1104.com,,,18162772199,,,,,,,,≤‚ ‘218
≤‚ ‘2200,2cevening@1105.com,,,18162772200,,,,,,,,≤‚ ‘218
≤‚ ‘2201,2cevening@1106.com,,,18162772201,,,,,,,,≤‚ ‘218
≤‚ ‘2202,2cevening@1107.com,,,18162772202,,,,,,,,≤‚ ‘218
≤‚ ‘2203,2cevening@1108.com,,,18162772203,,,,,,,,≤‚ ‘218
≤‚ ‘2204,2cevening@1109.com,,,18162772204,,,,,,,,≤‚ ‘218
≤‚ ‘2205,2cevening@1110.com,,,18162772205,,,,,,,,≤‚ ‘218
≤‚ ‘2206,2cevening@1111.com,,,18162772206,,,,,,,,≤‚ ‘218
≤‚ ‘2207,2cevening@1112.com,,,18162772207,,,,,,,,≤‚ ‘218
≤‚ ‘2208,2cevening@1113.com,,,18162772208,,,,,,,,≤‚ ‘218
≤‚ ‘2209,2cevening@1114.com,,,18162772209,,,,,,,,≤‚ ‘218
≤‚ ‘2210,2cevening@1115.com,,,18162772210,,,,,,,,≤‚ ‘218
≤‚ ‘2211,2cevening@1116.com,,,18162772211,,,,,,,,≤‚ ‘218
≤‚ ‘2212,2cevening@1117.com,,,18162772212,,,,,,,,≤‚ ‘218
≤‚ ‘2213,2cevening@1118.com,,,18162772213,,,,,,,,≤‚ ‘218
≤‚ ‘2214,2cevening@1119.com,,,18162772214,,,,,,,,≤‚ ‘218
≤‚ ‘2215,2cevening@1120.com,,,18162772215,,,,,,,,≤‚ ‘218
≤‚ ‘2216,2cevening@1121.com,,,18162772216,,,,,,,,≤‚ ‘218
≤‚ ‘2217,2cevening@1122.com,,,18162772217,,,,,,,,≤‚ ‘218
≤‚ ‘2218,2cevening@1123.com,,,18162772218,,,,,,,,≤‚ ‘218
≤‚ ‘2219,2cevening@1124.com,,,18162772219,,,,,,,,≤‚ ‘218
≤‚ ‘2220,2cevening@1125.com,,,18162772220,,,,,,,,≤‚ ‘218
≤‚ ‘2221,2cevening@1126.com,,,18162772221,,,,,,,,≤‚ ‘218
≤‚ ‘2222,2cevening@1127.com,,,18162772222,,,,,,,,≤‚ ‘218
≤‚ ‘2223,2cevening@1128.com,,,18162772223,,,,,,,,≤‚ ‘218
≤‚ ‘2224,2cevening@1129.com,,,18162772224,,,,,,,,≤‚ ‘218
≤‚ ‘2225,2cevening@1130.com,,,18162772225,,,,,,,,≤‚ ‘218
≤‚ ‘2226,2cevening@1131.com,,,18162772226,,,,,,,,≤‚ ‘218
≤‚ ‘2227,2cevening@1132.com,,,18162772227,,,,,,,,≤‚ ‘218
≤‚ ‘2228,2cevening@1133.com,,,18162772228,,,,,,,,≤‚ ‘218
≤‚ ‘2229,2cevening@1134.com,,,18162772229,,,,,,,,≤‚ ‘218
≤‚ ‘2230,2cevening@1135.com,,,18162772230,,,,,,,,≤‚ ‘218
≤‚ ‘2231,2cevening@1136.com,,,18162772231,,,,,,,,≤‚ ‘218
≤‚ ‘2232,2cevening@1137.com,,,18162772232,,,,,,,,≤‚ ‘218
≤‚ ‘2233,2cevening@1138.com,,,18162772233,,,,,,,,≤‚ ‘218
≤‚ ‘2234,2cevening@1139.com,,,18162772234,,,,,,,,≤‚ ‘218
≤‚ ‘2235,2cevening@1140.com,,,18162772235,,,,,,,,≤‚ ‘218
≤‚ ‘2236,2cevening@1141.com,,,18162772236,,,,,,,,≤‚ ‘218
≤‚ ‘2237,2cevening@1142.com,,,18162772237,,,,,,,,≤‚ ‘218
≤‚ ‘2238,2cevening@1143.com,,,18162772238,,,,,,,,≤‚ ‘218
≤‚ ‘2239,2cevening@1144.com,,,18162772239,,,,,,,,≤‚ ‘218
≤‚ ‘2240,2cevening@1145.com,,,18162772240,,,,,,,,≤‚ ‘218
≤‚ ‘2241,2cevening@1146.com,,,18162772241,,,,,,,,≤‚ ‘218
≤‚ ‘2242,2cevening@1147.com,,,18162772242,,,,,,,,≤‚ ‘218
≤‚ ‘2243,2cevening@1148.com,,,18162772243,,,,,,,,≤‚ ‘218
≤‚ ‘2244,2cevening@1149.com,,,18162772244,,,,,,,,≤‚ ‘218
≤‚ ‘2245,2cevening@1150.com,,,18162772245,,,,,,,,≤‚ ‘218
≤‚ ‘2246,2cevening@1151.com,,,18162772246,,,,,,,,≤‚ ‘218
≤‚ ‘2247,2cevening@1152.com,,,18162772247,,,,,,,,≤‚ ‘218
≤‚ ‘2248,2cevening@1153.com,,,18162772248,,,,,,,,≤‚ ‘218
≤‚ ‘2249,2cevening@1154.com,,,18162772249,,,,,,,,≤‚ ‘218
≤‚ ‘2250,2cevening@1155.com,,,18162772250,,,,,,,,≤‚ ‘218
≤‚ ‘2251,2cevening@1156.com,,,18162772251,,,,,,,,≤‚ ‘218
≤‚ ‘2252,2cevening@1157.com,,,18162772252,,,,,,,,≤‚ ‘218
≤‚ ‘2253,2cevening@1158.com,,,18162772253,,,,,,,,≤‚ ‘218
≤‚ ‘2254,2cevening@1159.com,,,18162772254,,,,,,,,≤‚ ‘218
≤‚ ‘2255,2cevening@1160.com,,,18162772255,,,,,,,,≤‚ ‘218
≤‚ ‘2256,2cevening@1161.com,,,18162772256,,,,,,,,≤‚ ‘218
≤‚ ‘2257,2cevening@1162.com,,,18162772257,,,,,,,,≤‚ ‘218
≤‚ ‘2258,2cevening@1163.com,,,18162772258,,,,,,,,≤‚ ‘218
≤‚ ‘2259,2cevening@1164.com,,,18162772259,,,,,,,,≤‚ ‘218
≤‚ ‘2260,2cevening@1165.com,,,18162772260,,,,,,,,≤‚ ‘218
≤‚ ‘2261,2cevening@1166.com,,,18162772261,,,,,,,,≤‚ ‘218
≤‚ ‘2262,2cevening@1167.com,,,18162772262,,,,,,,,≤‚ ‘218
≤‚ ‘2263,2cevening@1168.com,,,18162772263,,,,,,,,≤‚ ‘218
≤‚ ‘2264,2cevening@1169.com,,,18162772264,,,,,,,,≤‚ ‘218
≤‚ ‘2265,2cevening@1170.com,,,18162772265,,,,,,,,≤‚ ‘218
≤‚ ‘2266,2cevening@1171.com,,,18162772266,,,,,,,,≤‚ ‘218
≤‚ ‘2267,2cevening@1172.com,,,18162772267,,,,,,,,≤‚ ‘218
≤‚ ‘2268,2cevening@1173.com,,,18162772268,,,,,,,,≤‚ ‘218
≤‚ ‘2269,2cevening@1174.com,,,18162772269,,,,,,,,≤‚ ‘218
≤‚ ‘2270,2cevening@1175.com,,,18162772270,,,,,,,,≤‚ ‘218
≤‚ ‘2271,2cevening@1176.com,,,18162772271,,,,,,,,≤‚ ‘218
≤‚ ‘2272,2cevening@1177.com,,,18162772272,,,,,,,,≤‚ ‘218
≤‚ ‘2273,2cevening@1178.com,,,18162772273,,,,,,,,≤‚ ‘218
